NAME;TYPE;PERIOD;NAME_DETAIL;NAME_ORIGIN;LANGRENUS;HEVELIUS;RICCIOLI;WORK;COUNTRY;NATIONLITY;CENTURY_N;CENTURY_C;BIRTH_PLACE;BIRTH_DATE;DEATH_PLACE;DEATH_DATE;FACTS;LONGI_N;LONGI_C;LATI_N;LATI_C;QUADRANT;AREA;RUKL;RUKL_C;VISCARDY;HATFIELD;WESTFALL;WOOD;LOPAM;LENGTH_KM;WIDE_KM;LENGTH_MI;WIDE_MI;HEIGHT_M;HEIGHT_FE;RAPPORT;PROFIL;GENERAL_1;SLOPES;WALLS;FLOOR;INTEREST_N;INTEREST_C;LUNATION;MOONDAY_S;MOONDAY_M;DIAM_INST;TH_INSTRU;PR_INSTRU
Pyroclastic 'Aestatis';Pyroclastic area;Not determined;Gaddis pyroclastic volcanism database n° 1;Gaddis (1999) / Legrand (2007);Not named;Not named;Not named;No work;No country;No nationality ;0;No century;No birthplace;No birthdate;No deathplace;No deathdate;No facts;-68.4;68 ° 24 '  West;-15;-15 ° 0 '  South;South-West;Moon West limb;39;Grimaldi;224;11g5;075C 080C 237C 248C/S;;;0;0;0;0;0;0;No ratio;No profile;Small pyroclastic deposit / Area = 370 km2;Sources : Coombs & Hawke 1992;Comment from sources : ' Near Orientale ';;3;Very interesting formation;13;6 days after First Quarter;5 days after Last Quarter;50;50 mm refractor;100 mm refractor
Pyroclastic 'Alphonsus Center';Pyroclastic area;Not determined;Gaddis pyroclastic volcanism database n° 2;Gaddis (1999) / Legrand (2007);Not named;Not named;Not named;King;Castille;castillan;13;13 th century;Toledo;1221;Sevilla;1284;Initiator of the Greek and Arabic works translation. Coordinator of the calculation of 'Table Alphonsines' replacing astronomical tables of Ptolemee in 1256.;-3.4;3 ° 24 '  West;-13.7;13 ° 42 '  South;South-West;Ptolemaeus crater region;44;Ptolemaeus;208;9a4 / 13g5;003S 009C/S 174C/S 179C I83C;ST03/01  MM137;IV-108-H2;0;0;0;0;0;0;No ratio;No profile;Small pyroclastic deposit / Area = 11 km2;Sources : Head & Wilson 1979;Comment from sources : ' #8, unnamed ';;3;Very interesting formation;7;First Quarter;6 days after Full Moon;50;50 mm refractor;100 mm refractor
Pyroclastic 'Alphonsus East 1';Pyroclastic area;Not determined;Gaddis pyroclastic volcanism database n° 3;Gaddis (1999) / Legrand (2007);Not named;Not named;Not named;King;Castille;castillan;13;13 th century;Toledo;1221;Sevilla;1284;Initiator of the Greek and Arabic works translation. Coordinator of the calculation of 'Table Alphonsines' replacing astronomical tables of Ptolemee in 1256.;-2;2 ° 0 '  West;-12.5;12 ° 30 '  South;South-West;Ptolemaeus crater region;44;Ptolemaeus;208;9a4 / 13g5;003S 009C/S 174C/S 179C I83C;ST03/01  MM137;IV-108-H2;0;0;0;0;0;0;No ratio;No profile;Small pyroclastic deposit / Area = 8 km2;Sources : Head & Wilson 1979;Comment from sources : ' #1, MD-Ravi ';;3;Very interesting formation;7;First Quarter;6 days after Full Moon;50;50 mm refractor;100 mm refractor
Pyroclastic 'Alphonsus East 2';Pyroclastic area;Not determined;Gaddis pyroclastic volcanism database n° 4;Gaddis (1999) / Legrand (2007);Not named;Not named;Not named;King;Castille;castillan;13;13 th century;Toledo;1221;Sevilla;1284;Initiator of the Greek and Arabic works translation. Coordinator of the calculation of 'Table Alphonsines' replacing astronomical tables of Ptolemee in 1256.;-1.7;1 ° 42 '  West;-12.5;12 ° 30 '  South;South-West;Ptolemaeus crater region;44;Ptolemaeus;208;9a4 / 13g5;003S 009C/S 174C/S 179C I83C;ST03/01  MM137;IV-108-H2;0;0;0;0;0;0;No ratio;No profile;Small pyroclastic deposit / Area = 8 km2;Sources : Head & Wilson 1979;Comment from sources : ' #2, Monira ';;3;Very interesting formation;7;First Quarter;6 days after Full Moon;50;50 mm refractor;100 mm refractor
Pyroclastic 'Alphonsus East 3';Pyroclastic area;Not determined;Gaddis pyroclastic volcanism database n° 5;Gaddis (1999) / Legrand (2007);Not named;Not named;Not named;King;Castille;castillan;13;13 th century;Toledo;1221;Sevilla;1284;Initiator of the Greek and Arabic works translation. Coordinator of the calculation of 'Table Alphonsines' replacing astronomical tables of Ptolemee in 1256.;-1.7;1 ° 42 '  West;-12.6;12 ° 36 '  South;South-West;Ptolemaeus crater region;44;Ptolemaeus;208;9a4 / 13g5;003S 009C/S 174C/S 179C I83C;ST03/01  MM137;IV-108-H2;0;0;0;0;0;0;No ratio;No profile;Small pyroclastic deposit / Area = 10 km2;Sources : Head & Wilson 1979;Comment from sources : ' #3, Jose ';;3;Very interesting formation;7;First Quarter;6 days after Full Moon;50;50 mm refractor;100 mm refractor
Pyroclastic 'Alphonsus East 4';Pyroclastic area;Not determined;Gaddis pyroclastic volcanism database n° 6;Gaddis (1999) / Legrand (2007);Not named;Not named;Not named;King;Castille;castillan;13;13 th century;Toledo;1221;Sevilla;1284;Initiator of the Greek and Arabic works translation. Coordinator of the calculation of 'Table Alphonsines' replacing astronomical tables of Ptolemee in 1256.;-1.6;1 ° 36 '  West;-12.8;12 ° 48 '  South;South-West;Ptolemaeus crater region;44;Ptolemaeus;208;9a4 / 13g5;003S 009C/S 174C/S 179C I83C;ST03/01  MM137;IV-108-H2;0;0;0;0;0;0;No ratio;No profile;Small pyroclastic deposit / Area = 25 km2;Sources : Head & Wilson 1979;Comment from sources : ' #4, KC-Soraya ';;3;Very interesting formation;7;First Quarter;6 days after Full Moon;50;50 mm refractor;100 mm refractor
Pyroclastic 'Alphonsus East 5';Pyroclastic area;Not determined;Gaddis pyroclastic volcanism database n° 7;Gaddis (1999) / Legrand (2007);Not named;Not named;Not named;King;Castille;castillan;13;13 th century;Toledo;1221;Sevilla;1284;Initiator of the Greek and Arabic works translation. Coordinator of the calculation of 'Table Alphonsines' replacing astronomical tables of Ptolemee in 1256.;-1.6;1 ° 36 '  West;-13;13 ° 0 '  South;South-West;Ptolemaeus crater region;44;Ptolemaeus;208;9a4 / 13g5;003S 009C/S 174C/S 179C I83C;ST03/01  MM137;IV-108-H2;0;0;0;0;0;0;No ratio;No profile;Small pyroclastic deposit / Area = 48 km2;Sources : Head & Wilson 1979;Comment from sources : ' #5, unnamed ';;3;Very interesting formation;7;First Quarter;6 days after Full Moon;50;50 mm refractor;100 mm refractor
Pyroclastic 'Alphonsus East 6';Pyroclastic area;Not determined;Gaddis pyroclastic volcanism database n° 8;Gaddis (1999) / Legrand (2007);Not named;Not named;Not named;King;Castille;castillan;13;13 th century;Toledo;1221;Sevilla;1284;Initiator of the Greek and Arabic works translation. Coordinator of the calculation of 'Table Alphonsines' replacing astronomical tables of Ptolemee in 1256.;-1.6;1 ° 36 '  West;-13.5;13 ° 30 '  South;South-West;Ptolemaeus crater region;44;Ptolemaeus;208;9a4 / 13g5;003S 009C/S 174C/S 179C I83C;ST03/01  MM137;IV-108-H2;0;0;0;0;0;0;No ratio;No profile;Small pyroclastic deposit / Area = 55 km2;Sources : Head & Wilson 1979;Comment from sources : ' #6, unnamed ';;3;Very interesting formation;7;First Quarter;6 days after Full Moon;50;50 mm refractor;100 mm refractor
Pyroclastic 'Alphonsus South';Pyroclastic area;Not determined;Gaddis pyroclastic volcanism database n° 9;Gaddis (1999) / Legrand (2007);Not named;Not named;Not named;King;Castille;castillan;13;13 th century;Toledo;1221;Sevilla;1284;Initiator of the Greek and Arabic works translation. Coordinator of the calculation of 'Table Alphonsines' replacing astronomical tables of Ptolemee in 1256.;-2;2 ° 0 '  West;-14.4;14 ° 24 '  South;South-West;Ptolemaeus crater region;44;Ptolemaeus;208;9a4 / 13g5;003S 009C/S 174C/S 179C I83C;ST03/01  MM137;IV-108-H2;0;0;0;0;0;0;No ratio;No profile;Small pyroclastic deposit / Area = 43 km2;Sources : Head & Wilson 1979;Comment from sources : ' #7, R ';;3;Very interesting formation;7;First Quarter;6 days after Full Moon;50;50 mm refractor;100 mm refractor
Pyroclastic 'Alphonsus West 1';Pyroclastic area;Not determined;Gaddis pyroclastic volcanism database n° 10;Gaddis (1999) / Legrand (2007);Not named;Not named;Not named;King;Castille;castillan;13;13 th century;Toledo;1221;Sevilla;1284;Initiator of the Greek and Arabic works translation. Coordinator of the calculation of 'Table Alphonsines' replacing astronomical tables of Ptolemee in 1256.;-4.1;4 ° 6 '  West;-13.6;13 ° 36 '  South;South-West;Ptolemaeus crater region;44;Ptolemaeus;208;9a4 / 13g5;003S 009C/S 174C/S 179C I83C;ST03/01  MM137;IV-108-H2;0;0;0;0;0;0;No ratio;No profile;Small pyroclastic deposit / Area = 39 km2;Sources : Head & Wilson 1979;Comment from sources : ' #9, CA ';;3;Very interesting formation;7;First Quarter;6 days after Full Moon;50;50 mm refractor;100 mm refractor
Pyroclastic 'Alphonsus West 2';Pyroclastic area;Not determined;Gaddis pyroclastic volcanism database n° 11;Gaddis (1999) / Legrand (2007);Not named;Not named;Not named;King;Castille;castillan;13;13 th century;Toledo;1221;Sevilla;1284;Initiator of the Greek and Arabic works translation. Coordinator of the calculation of 'Table Alphonsines' replacing astronomical tables of Ptolemee in 1256.;-4.2;4 ° 12 '  West;-13.5;13 ° 30 '  South;South-West;Ptolemaeus crater region;44;Ptolemaeus;208;9a4 / 13g5;003S 009C/S 174C/S 179C I83C;ST03/01  MM137;IV-108-H2;0;0;0;0;0;0;No ratio;No profile;Small pyroclastic deposit / Area = 41 km2;Sources : Head & Wilson 1979;Comment from sources : ' #10, unnamed ';;3;Very interesting formation;7;First Quarter;6 days after Full Moon;50;50 mm refractor;100 mm refractor
Pyroclastic 'Alphonsus West 3';Pyroclastic area;Not determined;Gaddis pyroclastic volcanism database n° 12;Gaddis (1999) / Legrand (2007);Not named;Not named;Not named;King;Castille;castillan;13;13 th century;Toledo;1221;Sevilla;1284;Initiator of the Greek and Arabic works translation. Coordinator of the calculation of 'Table Alphonsines' replacing astronomical tables of Ptolemee in 1256.;-4.3;4 ° 18 '  West;-13.7;13 ° 42 '  South;South-West;Ptolemaeus crater region;44;Ptolemaeus;208;9a4 / 13g5;003S 009C/S 174C/S 179C I83C;ST03/01  MM137;IV-108-H2;0;0;0;0;0;0;No ratio;No profile;Small pyroclastic deposit / Area = 79 km2;Sources : Head & Wilson 1979;Comment from sources : ' #11, unnamed ';;3;Very interesting formation;7;First Quarter;6 days after Full Moon;50;50 mm refractor;100 mm refractor
Pyroclastic 'Apollo Basin East';Pyroclastic area;Not determined;Gaddis pyroclastic volcanism database n° 13;Gaddis (1999) / Legrand (2007);Not named;Not named;Not named;No work;No country;No nationality ;0;No century;No birthplace;No birthdate;No deathplace;No deathdate;No facts;-153.1;153 ° 6 '  West;-30;30 ° 0 '  South;South-West;Not defined;No map;;No map or picture;No map or picture;No map or picture;No article;;0;0;0;0;0;0;No ratio;No profile;Small pyroclastic deposit / Area = 69 km2;Sources : Head & Wilson 1979;Comment from sources : ' in unnamed crater, NE Apollo ';;999;Not visible;999;Not visible;Not visible;999;Not visible;Not visible
Pyroclastic 'Apollo Basin West';Pyroclastic area;Not determined;Gaddis pyroclastic volcanism database n° 14;Gaddis (1999) / Legrand (2007);Not named;Not named;Not named;No work;No country;No nationality ;0;No century;No birthplace;No birthdate;No deathplace;No deathdate;No facts;-153.5;153 ° 30 '  West;-30;30 ° 0 '  South;South-West;Not defined;No map;;No map or picture;No map or picture;No map or picture;No article;;0;0;0;0;0;0;No ratio;No profile;Small pyroclastic deposit / Area = 2 km2;Sources : Head & Wilson 1979;Comment from sources : ' in unnamed crater, NE Apollo ';;999;Not visible;999;Not visible;Not visible;999;Not visible;Not visible
Pyroclastic 'Archimedes';Pyroclastic area;Not determined;Gaddis pyroclastic volcanism database n° 15;Gaddis (1999) / Legrand (2007);Not named;Not named;Not named;Mathematician and physicist;Greece;greek;-3;3 rd century BC;Syracuse;287 BC;Syracuse;212 av JC;Pupil of Euclide.  Calculation of Pi.  Works in geometry. Inventor of the pulley and the lever.  Founder of the static and the hydrostatic.;-4;4 ° 0 '  West;28;28 ° 0 '  North;North-West;Montes Apenninus region;22;Conon;330;1h7 / 2g1 / 5b8 / 6a2;003N 009N 174N 179N 183N;ST01/01  MM32 L100/027;IV-109-H3 IV-109-M IV-110-H1 IV-115-H1;0;0;0;0;0;0;No ratio;No profile;Small pyroclastic deposit / Area = 8 km2;Sources : Hawke et al. 1989;Comment from sources : ' south rim ';;3;Very interesting formation;7;First Quarter;6 days after Full Moon;50;50 mm refractor;100 mm refractor
Pyroclastic 'Aristarchus';Pyroclastic area;Not determined;Gaddis pyroclastic volcanism database n° 16;Gaddis (1999) / Legrand (2007);Not named;Not named;Not named;Astronomer;Greece;greek;-3;3 rd century BC;Samos;310 BC;Samos;230 av JC;Inventor of the heliocentric theory and a method of distance calculation of the Sun and the Moon.;-50.5;50 ° 30 '  West;26.7;26 ° 42 '  North;North-West;Aristarchus crater region;18;Aristarchus;340;7c8 / 7d8 / 8d2;048N 055N 061N 067N 213N 225N;ST01/03  MM167 L100/011;IV-150-H3 IV-151-H1 IV-157-M;0;0;0;0;0;0;No ratio;No profile;Large pyroclastic deposit / Area = 37400 km2;Sources : Gaddis et al. 1985 / Lucey et al. 1986;Comment from sources : ' In Oceanus Procellarum ';;3;Very interesting formation;11;4 days after First Quarter;3 days after Last Quarter;50;50 mm refractor;100 mm refractor
Pyroclastic 'Atlas North';Pyroclastic area;Not determined;Gaddis pyroclastic volcanism database n° 17;Gaddis (1999) / Legrand (2007);Not named;Not named;Not named;Mythological character;Greece;greek;0;20 th century;;;;;Giant father of Pleiads and Hyades condemned by Zeus to sustain the celestial vault on its shoulders to have been the ally of Titans.;44.8;44 ° 48 '  East;47.3;47 ° 18 '  North;North-East;Atlas crater South-East region;15;Atlas;366;2a4 / 4g6;315N 323N 328N 112N 119N 124N 131N 135N;MM72;IV-074-H3 IV-091-H2 IV-079-H2 IV-074-H2 IV-079-H3;0;0;0;0;0;0;No ratio;No profile;Small pyroclastic deposit / Area = 100 km2;Sources : Hawke et al. 1989;Comment from sources : ' old highland crater ';;3;Very interesting formation;4;4 days after New Moon;3 days after Full Moon;50;50 mm refractor;100 mm refractor
Pyroclastic 'Atlas South';Pyroclastic area;Not determined;Gaddis pyroclastic volcanism database n° 18;Gaddis (1999) / Legrand (2007);Not named;Not named;Not named;Mythological character;Greece;greek;0;20 th century;;;;;Giant father of Pleiads and Hyades condemned by Zeus to sustain the celestial vault on its shoulders to have been the ally of Titans.;44.6;44 ° 36 '  East;45.7;45 ° 42 '  North;North-East;Atlas crater South-East region;15;Atlas;366;2a4 / 4g6;315N 323N 328N 112N 119N 124N 131N 135N;MM72;IV-074-H3 IV-091-H2 IV-079-H2 IV-074-H2 IV-079-H3;0;0;0;0;0;0;No ratio;No profile;Small pyroclastic deposit / Area = 250 km2;Sources : Hawke et al. 1989;Comment from sources : No comment;;3;Very interesting formation;4;4 days after New Moon;3 days after Full Moon;50;50 mm refractor;100 mm refractor
Pyroclastic 'Autumni';Pyroclastic area;Not determined;Gaddis pyroclastic volcanism database n° 19;Gaddis (1999) / Legrand (2007);Not named;Not named;Not named;No work;No country;No nationality ;0;No century;No birthplace;No birthdate;No deathplace;No deathdate;No facts;-82.2;82 ° 12 '  West;-9.5;9 ° 30 '  South;South-West;Moon West limb;39;Grimaldi;224;11h5;Q3W;MM181;IV-181-H2;0;0;0;0;0;0;No ratio;No profile;Small pyroclastic deposit / Area = 330 km2;Sources : Coombs & Hawke 1992;Comment from sources : ' near Orientale ';;3;Very interesting formation;14;Full Moon;6 days after Last Quarter;50;50 mm refractor;100 mm refractor
Pyroclastic 'Cavalerius';Pyroclastic area;Not determined;Gaddis pyroclastic volcanism database n° 20;Gaddis (1999) / Legrand (2007);Not named;Not named;Not named;Mathematician;Italy;italian;17;17 th century;Milan;1598;Bologne;1647;Disciple of Galilée.  Author of the theory of the indivisible in 1635. Precursor of the integer calculation.;-66.9;66 ° 54 '  West;5.1;5 ° 6 '  North;North-West;Moon West limb;28;Galilei;260;7g4;067N/C 075N/C 080N/C 233N/C 237C 247C;;IV-169-H1 IV-162-H1;0;0;0;0;0;0;No ratio;No profile;Small pyroclastic deposit / Area = 880 km2;Sources : Coombs & Hawke 1992;Comment from sources : ' near Orientale ';;3;Very interesting formation;13;6 days after First Quarter;5 days after Last Quarter;50;50 mm refractor;100 mm refractor
Pyroclastic 'Compton South-Center';Pyroclastic area;Not determined;Gaddis pyroclastic volcanism database n° 21;Gaddis (1999) / Legrand (2007);Not named;Not named;Not named;Physicist;USA;American;20;20 th century;Wooster;1892;Berkeley;1962;Discoverer of the effect of photons. Surveys on cosmic rays. Nobel laureate in 1927 with Charles Wilson.;105;105 ° 0 '  East;54;54 ° 0 '  North;North-East;Not defined;II;Nansen;No map or picture;No map or picture;No map or picture;No article;V-181-M;0;0;0;0;0;0;No ratio;No profile;Small pyroclastic deposit / Area = 24 km2;Sources : Lucchitta 1978;Comment from sources : ' old highland crater ';;999;Not visible;999;Not visible;Not visible;999;Not visible;Not visible
Pyroclastic 'Compton South-East';Pyroclastic area;Not determined;Gaddis pyroclastic volcanism database n° 22;Gaddis (1999) / Legrand (2007);Not named;Not named;Not named;Physicist;USA;American;20;20 th century;Wooster;1892;Berkeley;1962;Discoverer of the effect of photons. Surveys on cosmic rays. Nobel laureate in 1927 with Charles Wilson.;106;106 ° 0 '  East;54;54 ° 0 '  North;North-East;Not defined;II;Nansen;No map or picture;No map or picture;No map or picture;No article;V-181-M;0;0;0;0;0;0;No ratio;No profile;Small pyroclastic deposit / Area = 45 km2;Sources : Lucchitta 1978;Comment from sources : No comment;;999;Not visible;999;Not visible;Not visible;999;Not visible;Not visible
Pyroclastic 'Compton South-West';Pyroclastic area;Not determined;Gaddis pyroclastic volcanism database n° 23;Gaddis (1999) / Legrand (2007);Not named;Not named;Not named;Physicist;USA;American;20;20 th century;Wooster;1892;Berkeley;1962;Discoverer of the effect of photons. Surveys on cosmic rays. Nobel laureate in 1927 with Charles Wilson.;104;104 ° 0 '  East;54;54 ° 0 '  North;North-East;Not defined;II;Nansen;No map or picture;No map or picture;No map or picture;No article;V-181-M;0;0;0;0;0;0;No ratio;No profile;Small pyroclastic deposit / Area = 5 km2;Sources : Lucchitta 1978;Comment from sources : No comment;;999;Not visible;999;Not visible;Not visible;999;Not visible;Not visible
Pyroclastic 'Cruger North';Pyroclastic area;Not determined;Gaddis pyroclastic volcanism database n° 24;Gaddis (1999) / Legrand (2007);Not named;Not named;Not named;Mathematician;Germany;german;17;17 th century;?;1580;?;1639;??;-66.7;66 ° 42 '  West;-16.7;16 ° 42 '  South;South-West;Moon West-South-Westlimb;50;Darwin;186;11g5;067C 075C 080C 233C 237C/S 247C/S;MM182;IV-168-H2 IV-106-H2 IV-161-H2;0;0;0;0;0;0;No ratio;No profile;Small pyroclastic deposit / Area = 120 km2;Sources : Coombs & Hawke 1992;Comment from sources : ' highland crater, near Grimaldi ';;3;Very interesting formation;13;6 days after First Quarter;5 days after Last Quarter;50;50 mm refractor;100 mm refractor
Pyroclastic 'Cruger South';Pyroclastic area;Not determined;Gaddis pyroclastic volcanism database n° 25;Gaddis (1999) / Legrand (2007);Not named;Not named;Not named;Mathematician;Germany;german;17;17 th century;?;1580;?;1639;??;-66.7;66 ° 42 '  West;-17.9;17 ° 54 '  South;South-West;Moon West-South-Westlimb;50;Darwin;186;11g5;067C 075C 080C 233C 237C/S 247C/S;MM182;IV-168-H2 IV-106-H2 IV-161-H2;0;0;0;0;0;0;No ratio;No profile;Small pyroclastic deposit / Area = 760 km2;Sources : Coombs & Hawke 1992;Comment from sources : No comment;;3;Very interesting formation;13;6 days after First Quarter;5 days after Last Quarter;50;50 mm refractor;100 mm refractor
Pyroclastic 'Cruger West 1';Pyroclastic area;Not determined;Gaddis pyroclastic volcanism database n° 26;Gaddis (1999) / Legrand (2007);Not named;Not named;Not named;Mathematician;Germany;german;17;17 th century;?;1580;?;1639;??;-66.7;66 ° 42 '  West;-16.7;16 ° 42 '  South;South-West;Moon West-South-Westlimb;50;Darwin;186;11g5;067C 075C 080C 233C 237C/S 247C/S;MM182;IV-168-H2 IV-106-H2 IV-161-H2;0;0;0;0;0;0;No ratio;No profile;Small pyroclastic deposit / Area = 50 km2;Sources : Coombs & Hawke 1992;Comment from sources : No comment;;3;Very interesting formation;13;6 days after First Quarter;5 days after Last Quarter;50;50 mm refractor;100 mm refractor
Pyroclastic 'Cruger West 2';Pyroclastic area;Not determined;Gaddis pyroclastic volcanism database n° 27;Gaddis (1999) / Legrand (2007);Not named;Not named;Not named;Mathematician;Germany;german;17;17 th century;?;1580;?;1639;??;-66.7;66 ° 42 '  West;-16.7;16 ° 42 '  South;South-West;Moon West-South-Westlimb;50;Darwin;186;11g5;067C 075C 080C 233C 237C/S 247C/S;MM182;IV-168-H2 IV-106-H2 IV-161-H2;0;0;0;0;0;0;No ratio;No profile;Small pyroclastic deposit / Area = 50 km2;Sources : Coombs& Hawke 1992;Comment from sources : No comment;;3;Very interesting formation;13;6 days after First Quarter;5 days after Last Quarter;50;50 mm refractor;100 mm refractor
Pyroclastic 'Daguerre';Pyroclastic area;Not determined;Gaddis pyroclastic volcanism database n° 28;Gaddis (1999) / Legrand (2007);Not named;Not named;Not named;Engineer;France;french;19;19 th century;Cormeilles en Parisi;1789;Bry sur Marne;1851;Inventor of the diorama in 1822.  Associate to Niepce for the invention of the photography by daguerreotypes.;34;34 ° 0 '  East;-11.2;11 ° 12 '  South;South-East;Theophilus crater North-East region;47;Capella;234;15f6;328C/S 135C/S 143C/S;MM113;;0;0;0;0;0;0;No ratio;No profile;Small pyroclastic deposit / Area = 297 km2;Sources : Coombs et al. 1990 / Hawke et al. 1997;Comment from sources : ' in Nectaris ';;3;Very interesting formation;5;5 days after New Moon;4 days after Full Moon;50;50 mm refractor;100 mm refractor
Pyroclastic 'Eastern Mare Frigoris East';Pyroclastic area;Not determined;Gaddis pyroclastic volcanism database n° 29;Gaddis (1999) / Legrand (2007);Not named;Not named;Not named;No work;No country;No nationality ;0;No century;No birthplace;No birthdate;No deathplace;No deathdate;No facts;34.4;34 ° 24 '  East;50.1;50 ° 6 '  North;North-West;Moon North limb;3;Plato;377;2e5 / 6c6;323N 328N 334N 343N 351N 357N 003N 009N 018N 024N 029N 036N 040N 048N 106N 112N 124N 131N 135M 143N 148N 154N 161N 167N 174N 179N 183N 191N 201N 205N 213N;ST06/03  MM66 L100/026;IV-189-M IV-115-M IV-190-M IV-098-M IV-109-M IV-145-M IV-175-M IV-164-M IV-091-M IV-152-M IV-102-M IV-140-M IV-139-M IV-134-M IV-090-M IV-128-M IV-127-M IV-103-M IV-116-M IV-158-M IV-122-M IV-104-M IV-133-M IV-092-M IV-151-M;0;0;0;0;0;0;No ratio;No profile;Small pyroclastic deposit / Area = 575 km2;Sources : Gaddis et al. 1985;Comment from sources : No comment;;3;Very interesting formation;9;2 days after First Quarter;1 day after Last Quarter;50;50 mm refractor;100 mm refractor
Pyroclastic 'Eastern Mare Frigoris West';Pyroclastic area;Not determined;Gaddis pyroclastic volcanism database n° 30;Gaddis (1999) / Legrand (2007);Not named;Not named;Not named;No work;No country;No nationality ;0;No century;No birthplace;No birthdate;No deathplace;No deathdate;No facts;27.4;27 ° 24 '  East;49.6;49 ° 36 '  North;North-West;Moon North limb;3;Plato;377;2e5 / 6c6;323N 328N 334N 343N 351N 357N 003N 009N 018N 024N 029N 036N 040N 048N 106N 112N 124N 131N 135M 143N 148N 154N 161N 167N 174N 179N 183N 191N 201N 205N 213N;ST06/03  MM66 L100/026;IV-189-M IV-115-M IV-190-M IV-098-M IV-109-M IV-145-M IV-175-M IV-164-M IV-091-M IV-152-M IV-102-M IV-140-M IV-139-M IV-134-M IV-090-M IV-128-M IV-127-M IV-103-M IV-116-M IV-158-M IV-122-M IV-104-M IV-133-M IV-092-M IV-151-M;0;0;0;0;0;0;No ratio;No profile;Small pyroclastic deposit / Area = 1000 km2;Sources : Gaddis et al. 1985;Comment from sources : No comment;;3;Very interesting formation;9;2 days after First Quarter;1 day after Last Quarter;50;50 mm refractor;100 mm refractor
Pyroclastic 'Franklin';Pyroclastic area;Not determined;Gaddis pyroclastic volcanism database n° 31;Gaddis (1999) / Legrand (2007);Not named;Not named;Not named;Philosopher physicist and stateman;U. S. A.;american;18;18 th century;Boston;1706;Philadelphie;1790;Specialist of electricity.  Inventor of the lightning conductor. Editor of the Declaration of independence of USA.  Treaty of friendship with France in 1778.;47.9;47 ° 54 '  East;38.4;38 ° 24 '  North;North-East;Atlas crater South-East region;15;Atlas;311;1a5 / 3f6 / 4f1;315N 323N 328N 106N 112N 119N 124N 131N 135N;;IV-074-H2 IV-067-H2 IV-191-H2;0;0;0;0;0;0;No ratio;No profile;Small pyroclastic deposit / Area = 1000 km2;Sources : Gaddis et al. 1985;Comment from sources : ' old highland crater ';;3;Very interesting formation;4;4 days after New Moon;3 days after Full Moon;50;50 mm refractor;100 mm refractor
Pyroclastic 'Gambart';Pyroclastic area;Not determined;Gaddis pyroclastic volcanism database n° 32;Gaddis (1999) / Legrand (2007);Not named;Not named;Not named;Astronomer;France;french;19;19 th century;?;1800;?;1836;Discoverer of 13 comets.;-15.2;15 ° 12 '  West;-1;1 ° 0 '  South;North-West;Erathostenes crater South region;32;Stadius;246;8.00E+06;18C 024C 191C;ST07/03  MM63;IV-120-H3 IV-121-H1 IV-121-H1;0;0;0;0;0;0;No ratio;No profile;Small pyroclastic deposit / Area = 100 km2;Sources : Hawke et al. 1991;Comment from sources : ' peculiar crater SE of Copernicus ';;3;Very interesting formation;8;1 day after First Quarter;Last Quarter;50;50 mm refractor;100 mm refractor
Pyroclastic 'Gaudibert';Pyroclastic area;Not determined;Gaddis pyroclastic volcanism database n° 33;Gaddis (1999) / Legrand (2007);Not named;Not named;Not named;Astronomer;France;french;19;19 th century;?;1823;?;1901;Amateur astronomer observer of the Moon and selenographer.;37.7;37 ° 42 '  East;-11.1;11 ° 6 '  South;South-East;Theophilus crater North-East region;47;Capella;191;;328C/S 131C/S 135C/S 143C;;;0;0;0;0;0;0;No ratio;No profile;Small pyroclastic deposit / Area = 40 km2;Sources : Coombs et al. 1990 / Hawke et al. 1997;Comment from sources : ' in Nectaris ';;3;Very interesting formation;10;3 days after First Quarter;2 days after Last Quarter;50;50 mm refractor;100 mm refractor
Pyroclastic 'Gaudibert B';Pyroclastic area;Not determined;Gaddis pyroclastic volcanism database n° 34;Gaddis (1999) / Legrand (2007);Not named;Not named;Not named;Astronomer;France;french;19;19 th century;?;1823;?;1901;Amateur astronomer observer of the Moon and selenographer.;38.7;38 ° 42 '  East;-12.4;12 ° 24 '  South;South-East;Theophilus crater North-East region;47;Capella;191;;328C/S 131C/S 135C/S 143C;;;0;0;0;0;0;0;No ratio;No profile;Small pyroclastic deposit / Area = 576 km2;Sources : Coombs et al. 1990 / Hawke et al. 1997;"Comment from sources : ' ""volc. Complex"" in Nectaris '";;3;Very interesting formation;10;3 days after First Quarter;2 days after Last Quarter;50;50 mm refractor;100 mm refractor
Pyroclastic 'Gauss';Pyroclastic area;Not determined;Gaddis pyroclastic volcanism database n° 35;Gaddis (1999) / Legrand (2007);Not named;Not named;Not named;Mathematician astronomer and physicist;Germany;german;19;19 th century;Brunswick;1777;Göttingen;1855;Works on the algebra.  Determination of the orbit of Ceres. Tests on the nature of the space.  Inventor of the magnétometer.  General theory of the terrestrial magnetism in 1839.;77;77 ° 0 '  East;36;36 ° 0 '  North;North-East;Moon North-East limb;16;Gauss;306;9c1 / 10d7;291N Q1NE 099N;MM98;IV-165-H2 IV-177-H3;0;0;0;0;0;0;No ratio;No profile;Small pyroclastic deposit / Area = 350 km2;Sources : Gaddis et al. 1985;Comment from sources : ' highland crater ';;3;Very interesting formation;2;2 days after New Moon;1 day after Full Moon;50;50 mm refractor;100 mm refractor
Pyroclastic 'Grimaldi';Pyroclastic area;Not determined;Gaddis pyroclastic volcanism database n° 36;Gaddis (1999) / Legrand (2007);Not named;Not named;Not named;Astronomer and physicist;Italy;italian;17;17 th century;Bologne;1618;Bologne;1663;Jesuit.  Discoverer of luminous interferences and the diffraction of the light in 1650.  Author of a map of the Moon used by Riccioli in 1651.;-68.3;68 ° 18 '  West;-5.2;5 ° 12 '  South;South-West;Moon West limb;39;Grimaldi;226;3c4;067C 075C 080C Q3W, 233C 237C 247C;MM183;IV-161-H3 IV-167-M IV-162-M IV-168-M IV-168-H3;0;0;0;0;0;0;No ratio;No profile;Small pyroclastic deposit / Area = 2100 km2;Sources : Hawke et al. 1989;Comment from sources : ' W of Oc. Procellarum ';;3;Very interesting formation;13;6 days after First Quarter;5 days after Last Quarter;50;50 mm refractor;100 mm refractor
Pyroclastic 'Grimaldi F';Pyroclastic area;Not determined;Gaddis pyroclastic volcanism database n° 37;Gaddis (1999) / Legrand (2007);Not named;Not named;Not named;Astronomer and physicist;Italy;italian;17;17 th century;Bologne;1618;Bologne;1663;Jesuit.  Discoverer of luminous interferences and the diffraction of the light in 1650.  Author of a map of the Moon used by Riccioli in 1651.;-66.2;66 ° 12 '  West;-7.9;7 ° 54 '  South;South-West;Moon West limb;39;Grimaldi;226;3c4;067C 075C 080C Q3W, 233C 237C 247C;MM183;IV-161-H3 IV-167-M IV-162-M IV-168-M IV-168-H3;0;0;0;0;0;0;No ratio;No profile;Small pyroclastic deposit / Area = 90 km2;Sources : Coombs & Hawke 1992;Comment from sources : No comment;;3;Very interesting formation;13;6 days after First Quarter;5 days after Last Quarter;50;50 mm refractor;100 mm refractor
Pyroclastic 'Haldane';Pyroclastic area;Not determined;Gaddis pyroclastic volcanism database n° 38;Gaddis (1999) / Legrand (2007);Not named;Not named;Not named;Biologist and mathematician;India;indian;20;20 th century;Oxford;1892;Bhubaneswar;1964;Founder of the theory of the neodarwinism with Fisher and Wright.  Professor of biometry. Director of the service of genetic of the University of Orissa in 1957.;83.7;83 ° 42 '  East;-1.6;1 ° 36 '  South;South-East;Moon East limb;49;Langrenus;188;;Q4E;;;0;0;0;0;0;0;No ratio;No profile;Small pyroclastic deposit / Area = 85 km2;Sources : Yingst&Head 1998 / Spudis 1989;Comment from sources : ' #12, in M. Smythii ';;3;Very interesting formation;2;2 days after New Moon;1 day after Full Moon;50;50 mm refractor;100 mm refractor
Pyroclastic 'Hedin North ';Pyroclastic area;Not determined;Gaddis pyroclastic volcanism database n° 39;Gaddis (1999) / Legrand (2007);Not named;Not named;Not named;Explorer;Sweden;swedish;20;20 th century;Stockholm;1865;Stockholm;1952;Exploration of Asia central. Discoverer of sources of the Indus.;-77;77 ° 0 '  West;2.2;2 ° 12 '  North;North-West;Moon West limb;28;Galilei;260;15b3;075C 080N/C Q3W, 247C;;IV-174-H1;0;0;0;0;0;0;No ratio;No profile;Small pyroclastic deposit / Area = 113 km2;Sources : Coombs & Hawke 1992;Comment from sources : ' near Orientale ';;3;Very interesting formation;13;6 days after First Quarter;5 days after Last Quarter;50;50 mm refractor;100 mm refractor
Pyroclastic 'Hedin North-West';Pyroclastic area;Not determined;Gaddis pyroclastic volcanism database n° 40;Gaddis (1999) / Legrand (2007);Not named;Not named;Not named;Explorer;Sweden;swedish;20;20 th century;Stockholm;1865;Stockholm;1952;Exploration of Asia central. Discoverer of sources of the Indus.;-77;77 ° 0 '  West;2.2;2 ° 12 '  North;North-West;Moon West limb;28;Galilei;260;15b3;075C 080N/C Q3W, 247C;;IV-174-H1;0;0;0;0;0;0;No ratio;No profile;Small pyroclastic deposit / Area = 130 km2;Sources : Coombs & Hawke 1992;Comment from sources : No comment;;3;Very interesting formation;13;6 days after First Quarter;5 days after Last Quarter;50;50 mm refractor;100 mm refractor
Pyroclastic 'Hedin West';Pyroclastic area;Not determined;Gaddis pyroclastic volcanism database n° 41;Gaddis (1999) / Legrand (2007);Not named;Not named;Not named;Explorer;Sweden;swedish;20;20 th century;Stockholm;1865;Stockholm;1952;Exploration of Asia central. Discoverer of sources of the Indus.;-77;77 ° 0 '  West;2.2;2 ° 12 '  North;North-West;Moon West limb;28;Galilei;260;15b3;075C 080N/C Q3W, 247C;;IV-174-H1;0;0;0;0;0;0;No ratio;No profile;Small pyroclastic deposit / Area = 150 km2;Sources : Coombs & Hawke 1992;Comment from sources : No comment;;3;Very interesting formation;13;6 days after First Quarter;5 days after Last Quarter;50;50 mm refractor;100 mm refractor
Pyroclastic 'Hevelius';Pyroclastic area;Not determined;Gaddis pyroclastic volcanism database n° 42;Gaddis (1999) / Legrand (2007);Not named;Not named;Not named;Astronomer;Germany;german;17;17 th century;Dantzig;1611;Dantzig;1687;Determination of the rotation of the Sun by observation of spots in 1645.  Discoverer of the solar facules. Author of the first detailed map of the Moon in 1647 (6 preserved names).;-67.5;67 ° 30 '  West;2.2;2 ° 12 '  North;North-West;Moon West limb;28;Galilei;260;;067N/C 075N/C 080N/C 233C 237C 247C;MM184;IV-169-H1 IV-162-M IV-162-H1;0;0;0;0;0;0;No ratio;No profile;Small pyroclastic deposit / Area = 76 km2;Sources : Coombs & Hawke 1992;Comment from sources : ' near Orientale ';;3;Very interesting formation;13;6 days after First Quarter;5 days after Last Quarter;50;50 mm refractor;100 mm refractor
Pyroclastic 'J. Herschel Center';Pyroclastic area;Not determined;Gaddis pyroclastic volcanism database n° 43;Gaddis (1999) / Legrand (2007);Not named;Not named;Not named;Astronomer;England;english;19;19 th century;Slough;1792;Collingwood;1871;;-36.9;36 ° 54 '  West;62;62 ° 0 '  North;North-West;Moon North-North-West limb;2;Pythagoras;405;;040N 048N 055N 061N 205N 213N;MM67;IV-164-H1 IV-164-H2 IV-152-H1 IV-152-H2;0;0;0;0;0;0;No ratio;No profile;Small pyroclastic deposit / Area = 120 km2;Sources : McCord et al. 1981;Comment from sources : ' old highland crater ';;3;Very interesting formation;10;3 days after First Quarter;2 days after Last Quarter;50;50 mm refractor;100 mm refractor
Pyroclastic 'J. Herschel North';Pyroclastic area;Not determined;Gaddis pyroclastic volcanism database n° 44;Gaddis (1999) / Legrand (2007);Not named;Not named;Not named;Astronomer;England;english;19;19 th century;Slough;1792;Collingwood;1871;;-38;38 ° 0 '  West;61.4;61 ° 24 '  North;North-West;Moon North-North-West limb;2;Pythagoras;405;;040N 048N 055N 061N 205N 213N;MM67;IV-164-H1 IV-164-H2 IV-152-H1 IV-152-H2;0;0;0;0;0;0;No ratio;No profile;Small pyroclastic deposit / Area = 260 km2;Sources : McCord et al. 1981;Comment from sources : No comment;;3;Very interesting formation;10;3 days after First Quarter;2 days after Last Quarter;50;50 mm refractor;100 mm refractor
Pyroclastic 'J. Herschel South';Pyroclastic area;Not determined;Gaddis pyroclastic volcanism database n° 45;Gaddis (1999) / Legrand (2007);Not named;Not named;Not named;Astronomer;England;english;19;19 th century;Slough;1792;Collingwood;1871;;-37;37 ° 0 '  West;61;61 ° 0 '  North;North-West;Moon North-North-West limb;2;Pythagoras;405;;040N 048N 055N 061N 205N 213N;MM67;IV-164-H1 IV-164-H2 IV-152-H1 IV-152-H2;0;0;0;0;0;0;No ratio;No profile;Small pyroclastic deposit / Area = 60 km2;Sources : McCord et al. 1981;Comment from sources : No comment;;3;Very interesting formation;10;3 days after First Quarter;2 days after Last Quarter;50;50 mm refractor;100 mm refractor
Pyroclastic 'Kiess';Pyroclastic area;Not determined;Gaddis pyroclastic volcanism database n° 46;Gaddis (1999) / Legrand (2007);Not named;Not named;Not named;Astrophysicist;U. S. A.;american;20;20 th century;?;1887;?;1967;??;84.1;84 ° 6 '  East;-6.5;6 ° 30 '  South;South-East;Moon East limb;49;Langrenus;188;;Q1E Q4E;;;0;0;0;0;0;0;No ratio;No profile;Small pyroclastic deposit / Area = 1450 km2;Sources : Yingst&Head 1998 / Spudis 1989;Comment from sources : ' #21, in M. Smythii ';;3;Very interesting formation;2;2 days after New Moon;1 day after Full Moon;50;50 mm refractor;100 mm refractor
Pyroclastic 'Lagrange C';Pyroclastic area;Not determined;Gaddis pyroclastic volcanism database n° 47;Gaddis (1999) / Legrand (2007);Not named;Not named;Not named;Mathematician;France;french;18;18 th century;Turin;1736;Paris;1813;Author of the 'Analytic Mechanics' in 1788 and the 'Analytic function theory' in 1797.;-65;65 ° 0 '  West;-29.9;29 ° 54 '  South;South-West;Moon South-West limb;61;Piazzi;142;11g1 / 12g8;075C/S 080C/S 237S 247S;;;0;0;0;0;0;0;No ratio;No profile;Small pyroclastic deposit / Area = 1900 km2;Sources : Coombs & Hawke 1992;Comment from sources : ' near Orientale ';;3;Very interesting formation;13;6 days after First Quarter;5 days after Last Quarter;50;50 mm refractor;100 mm refractor
Pyroclastic 'Lavoisier 1';Pyroclastic area;Not determined;Gaddis pyroclastic volcanism database n° 48;Gaddis (1999) / Legrand (2007);Not named;Not named;Not named;Chemist;France;french;18;18 th century;Paris;1743;Paris;1794;Member of the french Academy of Sciences in 1768. Principle of mass conservation. First analyze of the air;-81.9;81 ° 54 '  West;38.5;38 ° 30 '  North;North-West;Moon North-West limb;8;Rümker;361;8f4;080N Q2NW 247N;;IV-189-H2;0;0;0;0;0;0;No ratio;No profile;Small pyroclastic deposit / Area = 5 km2;Sources : Gaddis et al 1996;Comment from sources : ' W of Oc. Procellarum ';;3;Very interesting formation;14;Full Moon;6 days after Last Quarter;50;50 mm refractor;100 mm refractor
Pyroclastic 'Lavoisier 2';Pyroclastic area;Not determined;Gaddis pyroclastic volcanism database n° 49;Gaddis (1999) / Legrand (2007);Not named;Not named;Not named;Chemist;France;french;18;18 th century;Paris;1743;Paris;1794;Member of the french Academy of Sciences in 1768. Principle of mass conservation. First analyze of the air;-79.7;79 ° 42 '  West;38.3;38 ° 18 '  North;North-West;Moon North-West limb;8;Rümker;361;8f4;080N Q2NW 247N;;IV-189-H2;0;0;0;0;0;0;No ratio;No profile;Small pyroclastic deposit / Area = 5 km2;Sources : Gaddis et al 1996;Comment from sources : No comment;;3;Very interesting formation;14;Full Moon;6 days after Last Quarter;100;100 mm reflector;200 mm reflector
Pyroclastic 'Lavoisier 3';Pyroclastic area;Not determined;Gaddis pyroclastic volcanism database n° 50;Gaddis (1999) / Legrand (2007);Not named;Not named;Not named;Chemist;France;french;18;18 th century;Paris;1743;Paris;1794;Member of the french Academy of Sciences in 1768. Principle of mass conservation. First analyze of the air;-80.7;80 ° 42 '  West;37.6;37 ° 36 '  North;North-West;Moon North-West limb;8;Rümker;361;8f4;080N Q2NW 247N;;IV-189-H2;0;0;0;0;0;0;No ratio;No profile;Small pyroclastic deposit / Area = 8 km2;Sources : Gaddis et al 1996;Comment from sources : No comment;;3;Very interesting formation;14;Full Moon;6 days after Last Quarter;50;50 mm refractor;100 mm refractor
Pyroclastic 'Lavoisier 4';Pyroclastic area;Not determined;Gaddis pyroclastic volcanism database n° 51;Gaddis (1999) / Legrand (2007);Not named;Not named;Not named;Chemist;France;french;18;18 th century;Paris;1743;Paris;1794;Member of the french Academy of Sciences in 1768. Principle of mass conservation. First analyze of the air;-79.8;79 ° 48 '  West;38.2;38 ° 12 '  North;North-West;Moon North-West limb;8;Rümker;361;8f4;080N Q2NW 247N;;IV-189-H2;0;0;0;0;0;0;No ratio;No profile;Small pyroclastic deposit / Area = 9 km2;Sources : Gaddis et al 1996;Comment from sources : No comment;;3;Very interesting formation;14;Full Moon;6 days after Last Quarter;50;50 mm refractor;100 mm refractor
Pyroclastic 'Lavoisier 5';Pyroclastic area;Not determined;Gaddis pyroclastic volcanism database n° 52;Gaddis (1999) / Legrand (2007);Not named;Not named;Not named;Chemist;France;french;18;18 th century;Paris;1743;Paris;1794;Member of the french Academy of Sciences in 1768. Principle of mass conservation. First analyze of the air;-80.3;80 ° 18 '  West;37.8;37 ° 48 '  North;North-West;Moon North-West limb;8;Rümker;361;8f4;080N Q2NW 247N;;IV-189-H2;0;0;0;0;0;0;No ratio;No profile;Small pyroclastic deposit / Area = 11 km2;Sources : Gaddis et al 1996;Comment from sources : No comment;;3;Very interesting formation;14;Full Moon;6 days after Last Quarter;50;50 mm refractor;100 mm refractor
Pyroclastic 'Lavoisier 6';Pyroclastic area;Not determined;Gaddis pyroclastic volcanism database n° 53;Gaddis (1999) / Legrand (2007);Not named;Not named;Not named;Chemist;France;french;18;18 th century;Paris;1743;Paris;1794;Member of the french Academy of Sciences in 1768. Principle of mass conservation. First analyze of the air;-80.8;80 ° 48 '  West;37.5;37 ° 30 '  North;North-West;Moon North-West limb;8;Rümker;361;8f4;080N Q2NW 247N;;IV-189-H2;0;0;0;0;0;0;No ratio;No profile;Small pyroclastic deposit / Area = 11 km2;Sources : Gaddis et al 1996;Comment from sources : No comment;;3;Very interesting formation;14;Full Moon;6 days after Last Quarter;50;50 mm refractor;100 mm refractor
Pyroclastic 'Lavoisier 7';Pyroclastic area;Not determined;Gaddis pyroclastic volcanism database n° 54;Gaddis (1999) / Legrand (2007);Not named;Not named;Not named;Chemist;France;french;18;18 th century;Paris;1743;Paris;1794;Member of the french Academy of Sciences in 1768. Principle of mass conservation. First analyze of the air;-80.1;80 ° 6 '  West;38;38 ° 0 '  North;North-West;Moon North-West limb;8;Rümker;361;8f4;080N Q2NW 247N;;IV-189-H2;0;0;0;0;0;0;No ratio;No profile;Small pyroclastic deposit / Area = 18 km2;Sources : Gaddis et al 1996;Comment from sources : No comment;;3;Very interesting formation;14;Full Moon;6 days after Last Quarter;50;50 mm refractor;100 mm refractor
Pyroclastic 'Lavoisier F';Pyroclastic area;Not determined;Gaddis pyroclastic volcanism database n° 55;Gaddis (1999) / Legrand (2007);Not named;Not named;Not named;Chemist;France;french;18;18 th century;Paris;1743;Paris;1794;Member of the french Academy of Sciences in 1768. Principle of mass conservation. First analyze of the air;-76.4;76 ° 24 '  West;36.4;36 ° 24 '  North;North-West;Moon North-West limb;8;Rümker;361;8f4;080N Q2NW 247N;;IV-189-H2;0;0;0;0;0;0;No ratio;No profile;Small pyroclastic deposit / Area = 3 km2;Sources : Gaddis et al 1996;Comment from sources : No comment;;3;Very interesting formation;14;Full Moon;6 days after Last Quarter;100;100 mm reflector;200 mm reflector
Pyroclastic 'Lavoisier H';Pyroclastic area;Not determined;Gaddis pyroclastic volcanism database n° 56;Gaddis (1999) / Legrand (2007);Not named;Not named;Not named;Chemist;France;french;18;18 th century;Paris;1743;Paris;1794;Member of the french Academy of Sciences in 1768. Principle of mass conservation. First analyze of the air;-78.1;78 ° 6 '  West;38.2;38 ° 12 '  North;North-West;Moon North-West limb;8;Rümker;361;8f4;080N Q2NW 247N;;IV-189-H2;0;0;0;0;0;0;No ratio;No profile;Small pyroclastic deposit / Area = 36 km2;Sources : Gaddis et al 1996;Comment from sources : No comment;;3;Very interesting formation;14;Full Moon;6 days after Last Quarter;50;50 mm refractor;100 mm refractor
Pyroclastic 'Mare Humorum';Pyroclastic area;Not determined;Gaddis pyroclastic volcanism database n° 57;Gaddis (1999) / Legrand (2007);Not named;Not named;Not named;No work;No country;No nationality ;0;No century;No birthplace;No birthdate;No deathplace;No deathdate;No facts;-40;40 ° 0 '  West;-30;30 ° 0 '  South;South-West;Mare Humorum region;52;Gassendi;178;9g4 / 11c3;036C/S 040C/S 048C/S 055C/S 201S 205S 213C/S 225C/S;ST03/03  MM154; IV-168-M IV-136-M IV-167-M IV-173-M IV-181-M IV-187-M IV-138-M IV-125-M IV-154-M IV-160-M IV-148-M IV-155-M IV-142-M IV-150-M IV-132-M IV-137-H1 IV-157-M IV-162-M IV-169-M IV-180-M IV-174-M IV-182-M IV-137-M IV-143-H1 IV-143-M IV-149-M IV-144-M IV-156-M ;0;0;0;0;0;0;No ratio;No profile;Large pyroclastic deposit / Area = 3000 km2;Sources : Gaddis et al. 1985;Comment from sources : No comment;;3;Very interesting formation;10;3 days after First Quarter;2 days after Last Quarter;50;50 mm refractor;100 mm refractor
Pyroclastic 'Mare Smythii North-North-West';Pyroclastic area;Not determined;Gaddis pyroclastic volcanism database n° 58;Gaddis (1999) / Legrand (2007);Not named;Not named;Not named;Astronomer;Great Britain;british;19;19 th century;?;1788;?;1866;??;83;83 ° 0 '  East;2;2 ° 0 '  North;North-East;Moon East limb;38;Neper;229;15a7;291 N/S Q1E Q4E;ST05/01  MM97;II-196-M IV-017-M IV-009-M IV-146-M IV-052-M;0;0;0;0;0;0;No ratio;No profile;Small pyroclastic deposit / Area = 590 km2;Sources : Yingst & Head 1998;Comment from sources : ' #9, Smythii W ';;3;Very interesting formation;2;2 days after New Moon;1 day after Full Moon;50;50 mm refractor;100 mm refractor
Pyroclastic 'Mare Smythii South-West';Pyroclastic area;Not determined;Gaddis pyroclastic volcanism database n° 59;Gaddis (1999) / Legrand (2007);Not named;Not named;Not named;Astronomer;Great Britain;british;19;19 th century;?;1788;?;1866;??;86;86 ° 0 '  East;-6;6 ° 0 '  South;North-East;Moon East limb;38;Neper;229;15a7;291 N/S Q1E Q4E;ST05/01  MM97;II-196-M IV-017-M IV-009-M IV-146-M IV-052-M;0;0;0;0;0;0;No ratio;No profile;Small pyroclastic deposit / Area = 460 km2;Sources : Yingst & Head 1998;Comment from sources : ' #22, Widmanstatten ';;3;Very interesting formation;2;2 days after New Moon;1 day after Full Moon;50;50 mm refractor;100 mm refractor
Pyroclastic 'Mare Smythii West ';Pyroclastic area;Not determined;Gaddis pyroclastic volcanism database n° 60;Gaddis (1999) / Legrand (2007);Not named;Not named;Not named;Astronomer;Great Britain;british;19;19 th century;?;1788;?;1866;??;85;85 ° 0 '  East;1;1 ° 0 '  North;North-East;Moon East limb;38;Neper;229;15a7;291 N/S Q1E Q4E;ST05/01  MM97;II-196-M IV-017-M IV-009-M IV-146-M IV-052-M;0;0;0;0;0;0;No ratio;No profile;Small pyroclastic deposit / Area = 245 km2;Sources : Yingst & Head 1998;Comment from sources : ' #11, Camoens ';;3;Very interesting formation;2;2 days after New Moon;1 day after Full Moon;50;50 mm refractor;100 mm refractor
Pyroclastic 'Mare Smythii West-South-West';Pyroclastic area;Not determined;Gaddis pyroclastic volcanism database n° 61;Gaddis (1999) / Legrand (2007);Not named;Not named;Not named;Astronomer;Great Britain;british;19;19 th century;?;1788;?;1866;??;81.5;81 ° 30 '  East;-4.5;4 ° 30 '  South;North-East;Moon East limb;38;Neper;229;15a7;291 N/S Q1E Q4E;ST05/01  MM97;II-196-M IV-017-M IV-009-M IV-146-M IV-052-M;0;0;0;0;0;0;No ratio;No profile;Small pyroclastic deposit / Area = 355 km2;Sources : Yingst & Head 1998;Comment from sources : ' #20, Kastner NE ';;3;Very interesting formation;2;2 days after New Moon;1 day after Full Moon;50;50 mm refractor;100 mm refractor
Pyroclastic 'Mare Vaporum';Pyroclastic area;Not determined;Gaddis pyroclastic volcanism database n° 62;Gaddis (1999) / Legrand (2007);Not named;Not named;Not named;No work;No country;No nationality ;0;No century;No birthplace;No birthdate;No deathplace;No deathdate;No facts;7;7 ° 0 '  East;10;10 ° 0 '  North;North-East;Moon disk center;33;Triesnecker;287;1f4;351C 357C 003C 167N/C 174C;ST05/03  MM59;IV-114-M IV-097-M IV-101-M IV-109-M IV-102-M IV-113-M IV-121-M IV-107-M IV-108-M IV-120-M IV-103-M IV-084-M IV-110-M;0;0;0;0;0;0;No ratio;No profile;Large pyroclastic deposit / Area = 10000 km2;Sources : Gaddis et al. 1985;Comment from sources : No comment;;3;Very interesting formation;7;First Quarter;6 days after Full Moon;50;50 mm refractor;100 mm refractor
Pyroclastic 'McAdie';Pyroclastic area;Not determined;Gaddis pyroclastic volcanism database n° 63;Gaddis (1999) / Legrand (2007);Not named;Not named;Not named;Meteorologist;USA;American;20;20 th century;??;1863;??;1943;??;91.7;91 ° 42 '  East;3.6;3 ° 36 '  North;North-East;Not defined;III;Mare Marginis;No map or picture;No map or picture;No map or picture;No article;;0;0;0;0;0;0;No ratio;No profile;Small pyroclastic deposit / Area = 43 km2;Sources : Spudis 1989;Comment from sources : ' near Smythii ';;999;Not visible;999;Not visible;Not visible;999;Not visible;Not visible
Pyroclastic 'Mersenius North-West';Pyroclastic area;Not determined;Gaddis pyroclastic volcanism database n° 64;Gaddis (1999) / Legrand (2007);Not named;Not named;Not named;Philosopher and physicist;France;french;17;17 th century;Oizé;1588;Paris;1648;Friend of Descartes. Numerous works particularly in acoustic. Measure of the weight with a pendulum in 1644. Organizer of scientist meetings of the french Academy of Sciences.;-49.2;49 ° 12 '  West;-21.5;21 ° 30 '  South;South-West;East of Mare Humorum region;51;Mersenius;183;1.10E+04;048C 055C/S 061C/S 067C 213C 225C/S;MM158;IV-149-H1;0;0;0;0;0;0;No ratio;No profile;Small pyroclastic deposit / Area = 53 km2;Sources : Coombs & Hawke 1992;Comment from sources : ' near Orientale ';;3;Very interesting formation;11;4 days after First Quarter;3 days after Last Quarter;50;50 mm refractor;100 mm refractor
Pyroclastic 'Mersenius South-West';Pyroclastic area;Not determined;Gaddis pyroclastic volcanism database n° 65;Gaddis (1999) / Legrand (2007);Not named;Not named;Not named;Philosopher and physicist;France;french;17;17 th century;Oizé;1588;Paris;1648;Friend of Descartes. Numerous works particularly in acoustic. Measure of the weight with a pendulum in 1644. Organizer of scientist meetings of the french Academy of Sciences.;-49.2;49 ° 12 '  West;-21.5;21 ° 30 '  South;South-West;East of Mare Humorum region;51;Mersenius;183;1.10E+04;048C 055C/S 061C/S 067C 213C 225C/S;MM158;IV-149-H1;0;0;0;0;0;0;No ratio;No profile;Small pyroclastic deposit / Area = 91 km2;Sources : Coombs & Hawke 1992;Comment from sources : No comment;;3;Very interesting formation;11;4 days after First Quarter;3 days after Last Quarter;50;50 mm refractor;100 mm refractor
Pyroclastic 'Mersenius West ';Pyroclastic area;Not determined;Gaddis pyroclastic volcanism database n° 66;Gaddis (1999) / Legrand (2007);Not named;Not named;Not named;Philosopher and physicist;France;french;17;17 th century;Oizé;1588;Paris;1648;Friend of Descartes. Numerous works particularly in acoustic. Measure of the weight with a pendulum in 1644. Organizer of scientist meetings of the french Academy of Sciences.;-49.2;49 ° 12 '  West;-21.5;21 ° 30 '  South;South-West;East of Mare Humorum region;51;Mersenius;183;1.10E+04;048C 055C/S 061C/S 067C 213C 225C/S;MM158;IV-149-H1;0;0;0;0;0;0;No ratio;No profile;Small pyroclastic deposit / Area = 76 km2;Sources : Coombs & Hawke 1992;Comment from sources : No comment;;3;Very interesting formation;11;4 days after First Quarter;3 days after Last Quarter;50;50 mm refractor;100 mm refractor
Pyroclastic 'Mersenius West-North-West';Pyroclastic area;Not determined;Gaddis pyroclastic volcanism database n° 67;Gaddis (1999) / Legrand (2007);Not named;Not named;Not named;Philosopher and physicist;France;french;17;17 th century;Oizé;1588;Paris;1648;Friend of Descartes. Numerous works particularly in acoustic. Measure of the weight with a pendulum in 1644. Organizer of scientist meetings of the french Academy of Sciences.;-49.2;49 ° 12 '  West;-21.5;21 ° 30 '  South;South-West;East of Mare Humorum region;51;Mersenius;183;1.10E+04;048C 055C/S 061C/S 067C 213C 225C/S;MM158;IV-149-H1;0;0;0;0;0;0;No ratio;No profile;Small pyroclastic deposit / Area = 91 km2;Sources : Coombs & Hawke 1992;Comment from sources : No comment;;3;Very interesting formation;11;4 days after First Quarter;3 days after Last Quarter;50;50 mm refractor;100 mm refractor
Pyroclastic 'Messala';Pyroclastic area;Not determined;Gaddis pyroclastic volcanism database n° 68;Gaddis (1999) / Legrand (2007);Not named;Not named;Not named;Astronomer;Jerusalem;jewish;1;1 st century;?;?;?;815;??;60;60 ° 0 '  East;39;39 ° 0 '  North;North-East;Moon North-East limb;16;Gauss;346;4d4;3(13N 309N 315N 105N 112N 119N;MM98;IV-062-H2 IV-191-H2 IV-177-H2;0;0;0;0;0;0;No ratio;No profile;Small pyroclastic deposit / Area = 700 km2;Sources : Gaddis et al. 1985;Comment from sources : No comment;;3;Very interesting formation;3;3 days after New Moon;2 days after Full Moon;50;50 mm refractor;100 mm refractor
Pyroclastic 'Montes Carpatus';Pyroclastic area;Not determined;Gaddis pyroclastic volcanism database n° 69;Gaddis (1999) / Legrand (2007);Not named;Not named;Not named;No work;No country;No nationality ;0;No century;No birthplace;No birthdate;No deathplace;No deathdate;No facts;-25;25 ° 0 '  West;15;15 ° 0 '  North;North-West;South part of Mare Imbrium;20;Pytheas;300;5f5;018C 024C 029C 036N/C 191C 201N/C 205C 213N/C;;IV-126-H2;0;0;0;0;0;0;No ratio;No profile;Large pyroclastic deposit / Area = 2500 km2;Sources : Gaddis et al. 1985;Comment from sources : No comment;;3;Very interesting formation;9;2 days after First Quarter;1 day after Last Quarter;50;50 mm refractor;100 mm refractor
Pyroclastic 'Montes Harbinger';Pyroclastic area;Not determined;Gaddis pyroclastic volcanism database n° 70;Gaddis (1999) / Legrand (2007);Not named;Not named;Not named;No work;No country;No nationality ;0;No century;No birthplace;No birthdate;No deathplace;No deathdate;No facts;-42;42 ° 0 '  West;20;20 ° 0 '  North;North-West;Region between Oceanus Procellarum and Mare Imbrium;19;Brayley;338;6h1 / 7b8 / 8c2;040N 048N 205N/C 213N;;IV-145-H1;0;0;0;0;0;0;No ratio;No profile;Large pyroclastic deposit / Area = 5400 km2;Sources : Gaddis et al. 1985;Comment from sources : No comment;;3;Very interesting formation;10;3 days after First Quarter;2 days after Last Quarter;50;50 mm refractor;100 mm refractor
Pyroclastic 'Moscoviense';Pyroclastic area;Not determined;Gaddis pyroclastic volcanism database n° 71;Gaddis (1999) / Legrand (2007);Not named;Not named;Not named;No work;No country;No nationality ;0;No century;No birthplace;No birthdate;No deathplace;No deathdate;No facts;154.3;154 ° 18 '  East;25.7;25 ° 42 '  North;South-East;Not defined;No map;;No map or picture;No map or picture;No map or picture;No article;V-124-M IV-099-M V-085-M V-103-M V-124-H1 V-079-M;0;0;0;0;0;0;No ratio;No profile;Large pyroclastic deposit / Area = 1500 km2;Sources : Craddock et al. 1997;Comment from sources : ' near Komarov ';;999;Not visible;999;Not visible;Not visible;999;Not visible;Not visible
Pyroclastic 'Moscoviense';Pyroclastic area;Not determined;Gaddis pyroclastic volcanism database n° 72;Gaddis (1999) / Legrand (2007);Not named;Not named;Not named;No work;No country;No nationality ;0;No century;No birthplace;No birthdate;No deathplace;No deathdate;No facts;147.7;147 ° 42 '  East;23.6;23 ° 36 '  North;South-East;Not defined;No map;;No map or picture;No map or picture;No map or picture;No article;V-124-M IV-099-M V-085-M V-103-M V-124-H1 V-079-M;0;0;0;0;0;0;No ratio;No profile;Large pyroclastic deposit / Area = 3700 km2;Sources : Craddock et al. 1997;Comment from sources : No comment;;999;Not visible;999;Not visible;Not visible;999;Not visible;Not visible
Pyroclastic 'North-Eastern Lavoisier N';Pyroclastic area;Not determined;Gaddis pyroclastic volcanism database n° 73;Gaddis (1999) / Legrand (2007);Not named;Not named;Not named;Chemist;France;french;18;18 th century;Paris;1743;Paris;1794;Member of the french Academy of Sciences in 1768. Principle of mass conservation. First analyze of the air;-80;80 ° 0 '  West;41.4;41 ° 24 '  North;North-West;Moon North-West limb;8;Rümker;361;8f4;080N Q2NW 247N;;IV-189-H2;0;0;0;0;0;0;No ratio;No profile;Small pyroclastic deposit / Area = 36 km2;Sources : Gaddis et al 1996;Comment from sources : ' W of Oc. Procellarum ';;3;Very interesting formation;14;Full Moon;6 days after Last Quarter;50;50 mm refractor;100 mm refractor
Pyroclastic 'North-Eastern Lavoisier North-West';Pyroclastic area;Not determined;Gaddis pyroclastic volcanism database n° 74;Gaddis (1999) / Legrand (2007);Not named;Not named;Not named;Chemist;France;french;18;18 th century;Paris;1743;Paris;1794;Member of the french Academy of Sciences in 1768. Principle of mass conservation. First analyze of the air;-80.6;80 ° 36 '  West;41.3;41 ° 18 '  North;North-West;Moon North-West limb;8;Rümker;361;8f4;080N Q2NW 247N;;IV-189-H2;0;0;0;0;0;0;No ratio;No profile;Small pyroclastic deposit / Area = 68 km2;Sources : Gaddis et al 1996;Comment from sources : No comment;;3;Very interesting formation;14;Full Moon;6 days after Last Quarter;50;50 mm refractor;100 mm refractor
Pyroclastic 'North-Eastern Lavoisier W';Pyroclastic area;Not determined;Gaddis pyroclastic volcanism database n° 75;Gaddis (1999) / Legrand (2007);Not named;Not named;Not named;Chemist;France;french;18;18 th century;Paris;1743;Paris;1794;Member of the french Academy of Sciences in 1768. Principle of mass conservation. First analyze of the air;-80.6;80 ° 36 '  West;40.9;40 ° 54 '  North;North-West;Moon North-West limb;8;Rümker;361;8f4;080N Q2NW 247N;;IV-189-H2;0;0;0;0;0;0;No ratio;No profile;Small pyroclastic deposit / Area = 14 km2;Sources : Gaddis et al 1996;Comment from sources : No comment;;3;Very interesting formation;14;Full Moon;6 days after Last Quarter;50;50 mm refractor;100 mm refractor
Pyroclastic 'Oppenheimer 1';Pyroclastic area;Not determined;Gaddis pyroclastic volcanism database n° 76;Gaddis (1999) / Legrand (2007);Not named;Not named;Not named;Physicist;USA;American;20;20 th century;New York;1904;Princeton;1967;Numerous works on quantic theory of atom. Director of Los Alamos center on 1943. Director of first american atomic bomb building. Enrico Fermi prize on 1963.;-163.3;163 ° 18 '  West;-35.8;35 ° 48 '  South;South-West;Not defined;No map;;No map or picture;No map or picture;No map or picture;No article;V-043-M;0;0;0;0;0;0;No ratio;No profile;Small pyroclastic deposit / Area = 13 km2;Sources : Rosanova et al. 1997;Comment from sources : ' far side in Apollo Basin ';;999;Not visible;999;Not visible;Not visible;999;Not visible;Not visible
Pyroclastic 'Oppenheimer 2';Pyroclastic area;Not determined;Gaddis pyroclastic volcanism database n° 77;Gaddis (1999) / Legrand (2007);Not named;Not named;Not named;Physicist;USA;American;20;20 th century;New York;1904;Princeton;1967;Numerous works on quantic theory of atom. Director of Los Alamos center on 1943. Director of first american atomic bomb building. Enrico Fermi prize on 1963.;-164.6;164 ° 36 '  West;-37.5;37 ° 30 '  South;South-West;Not defined;No map;;No map or picture;No map or picture;No map or picture;No article;V-043-M;0;0;0;0;0;0;No ratio;No profile;Small pyroclastic deposit / Area = 25 km2;Sources : Rosanova et al. 1997;Comment from sources : No comment;;999;Not visible;999;Not visible;Not visible;999;Not visible;Not visible
Pyroclastic 'Oppenheimer 3';Pyroclastic area;Not determined;Gaddis pyroclastic volcanism database n° 78;Gaddis (1999) / Legrand (2007);Not named;Not named;Not named;Physicist;USA;American;20;20 th century;New York;1904;Princeton;1967;Numerous works on quantic theory of atom. Director of Los Alamos center on 1943. Director of first american atomic bomb building. Enrico Fermi prize on 1963.;-165.5;165 ° 30 '  West;-34;34 ° 0 '  South;South-West;Not defined;No map;;No map or picture;No map or picture;No map or picture;No article;V-043-M;0;0;0;0;0;0;No ratio;No profile;Small pyroclastic deposit / Area = 38 km2;Sources : Rosanova et al. 1997;Comment from sources : No comment;;999;Not visible;999;Not visible;Not visible;999;Not visible;Not visible
Pyroclastic 'Oppenheimer 4';Pyroclastic area;Not determined;Gaddis pyroclastic volcanism database n° 79;Gaddis (1999) / Legrand (2007);Not named;Not named;Not named;Physicist;USA;American;20;20 th century;New York;1904;Princeton;1967;Numerous works on quantic theory of atom. Director of Los Alamos center on 1943. Director of first american atomic bomb building. Enrico Fermi prize on 1963.;-163.5;163 ° 30 '  West;-37.1;37 ° 6 '  South;South-West;Not defined;No map;;No map or picture;No map or picture;No map or picture;No article;V-043-M;0;0;0;0;0;0;No ratio;No profile;Small pyroclastic deposit / Area = 140 km2;Sources : Rosanova et al. 1997;Comment from sources : No comment;;999;Not visible;999;Not visible;Not visible;999;Not visible;Not visible
Pyroclastic 'Oppenheimer 5';Pyroclastic area;Not determined;Gaddis pyroclastic volcanism database n° 80;Gaddis (1999) / Legrand (2007);Not named;Not named;Not named;Physicist;USA;American;20;20 th century;New York;1904;Princeton;1967;Numerous works on quantic theory of atom. Director of Los Alamos center on 1943. Director of first american atomic bomb building. Enrico Fermi prize on 1963.;-168.5;168 ° 30 '  West;-37;37 ° 0 '  South;South-West;Not defined;No map;;No map or picture;No map or picture;No map or picture;No article;V-043-M;0;0;0;0;0;0;No ratio;No profile;Small pyroclastic deposit / Area = 245 km2;Sources : Rosanova et al. 1997;Comment from sources : No comment;;999;Not visible;999;Not visible;Not visible;999;Not visible;Not visible
Pyroclastic 'Oppenheimer 6';Pyroclastic area;Not determined;Gaddis pyroclastic volcanism database n° 81;Gaddis (1999) / Legrand (2007);Not named;Not named;Not named;Physicist;USA;American;20;20 th century;New York;1904;Princeton;1967;Numerous works on quantic theory of atom. Director of Los Alamos center on 1943. Director of first american atomic bomb building. Enrico Fermi prize on 1963.;-168.3;168 ° 18 '  West;-34.8;34 ° 48 '  South;South-West;Not defined;No map;;No map or picture;No map or picture;No map or picture;No article;V-043-M;0;0;0;0;0;0;No ratio;No profile;Small pyroclastic deposit / Area = 1300 km2;Sources : Rosanova et al. 1997;Comment from sources : No comment;;999;Not visible;999;Not visible;Not visible;999;Not visible;Not visible
Pyroclastic 'Oppenheimer 7';Pyroclastic area;Not determined;Gaddis pyroclastic volcanism database n° 82;Gaddis (1999) / Legrand (2007);Not named;Not named;Not named;Physicist;USA;American;20;20 th century;New York;1904;Princeton;1967;Numerous works on quantic theory of atom. Director of Los Alamos center on 1943. Director of first american atomic bomb building. Enrico Fermi prize on 1963.;-166.8;166 ° 48 '  West;-38;38 ° 0 '  South;South-West;Not defined;No map;;No map or picture;No map or picture;No map or picture;No article;V-043-M;0;0;0;0;0;0;No ratio;No profile;Small pyroclastic deposit / Area = 1500 km2;Sources : Rosanova et al. 1997;Comment from sources : No comment;;999;Not visible;999;Not visible;Not visible;999;Not visible;Not visible
Pyroclastic 'Orientale';Pyroclastic area;Not determined;Gaddis pyroclastic volcanism database n° 83;Gaddis (1999) / Legrand (2007);Not named;Not named;Not named;No work;No country;No nationality ;0;No century;No birthplace;No birthdate;No deathplace;No deathdate;No facts;-97.4;97 ° 24 '  West;-30.2;30 ° 12 '  South;South-West;Moon West-South-Westlimb;50;Darwin;187;;Q3W;MM17  MM178  MM180;IV-109-M IV-168-M IV-172-M IV-173-M IV-179-M IV-180-M IV-181-M IV-182-M IV-186-M IV-187-M IV-188-M IV-193-M IV-194-M  ;0;0;0;0;0;0;No ratio;No profile;Small pyroclastic deposit / Area = 3600 km2;Sources : Bussey & Spudis 1997;"Comment from sources : ' ""kiss"" Orientale basin S rim '";;999;Not visible;999;Not visible;Not visible;999;Not visible;Not visible
Pyroclastic 'Pacificus';Pyroclastic area;Not determined;Gaddis pyroclastic volcanism database n° 84;Gaddis (1999) / Legrand (2007);Not named;Not named;Not named;No work;No country;No nationality ;0;No century;No birthplace;No birthdate;No deathplace;No deathdate;No facts;-99;99 ° 0 '  West;-28.5;28 ° 30 '  South;Not determined;Not determined;Not determined;Not determined;Not determined;Not determined;Not determined;Not determined;Not determined;0;0;0;0;0;0;No ratio;No profile;Small pyroclastic deposit / Area = 1600 km2;Sources : Coombs & Hawke 1992;Comment from sources : ' near Orientale ';;999;Not visible;999;Not visible;Not visible;999;Not visible;Not visible
Pyroclastic 'Riccioli North ';Pyroclastic area;Not determined;Gaddis pyroclastic volcanism database n° 85;Gaddis (1999) / Legrand (2007);Not named;Not named;Not named;Astronomer and geographer;Italy;italian;17;17 th century;Ferrare;1598;Bologne;1671;First observer of a double star (Mizar). Author of the 'New Almagest' comprising a map of the Moon drawn by Grimaldi with a new lunar nomenclature.;-83;83 ° 0 '  West;-2.5;2 ° 30 '  South;South-West;Moon West limb;39;Grimaldi;226;1f7 / 2e1;075C 080C Q3W 247C;MM183;IV-173-H3 IV-174-H1 IV-168-H3;0;0;0;0;0;0;No ratio;No profile;Small pyroclastic deposit / Area = 1400 km2;Sources : Coombs & Hawke 1992;Comment from sources : ' near Orientale ';;3;Very interesting formation;13;6 days after First Quarter;5 days after Last Quarter;50;50 mm refractor;100 mm refractor
Pyroclastic 'Riccioli North-West';Pyroclastic area;Not determined;Gaddis pyroclastic volcanism database n° 86;Gaddis (1999) / Legrand (2007);Not named;Not named;Not named;Astronomer and geographer;Italy;italian;17;17 th century;Ferrare;1598;Bologne;1671;First observer of a double star (Mizar). Author of the 'New Almagest' comprising a map of the Moon drawn by Grimaldi with a new lunar nomenclature.;-83;83 ° 0 '  West;-2.5;2 ° 30 '  South;South-West;Moon West limb;39;Grimaldi;226;1f7 / 2e1;075C 080C Q3W 247C;MM183;IV-173-H3 IV-174-H1 IV-168-H3;0;0;0;0;0;0;No ratio;No profile;Small pyroclastic deposit / Area = 150 km2;Sources : Coombs & Hawke 1992;Comment from sources : No comment;;3;Very interesting formation;13;6 days after First Quarter;5 days after Last Quarter;50;50 mm refractor;100 mm refractor
Pyroclastic 'Riccioli South-East';Pyroclastic area;Not determined;Gaddis pyroclastic volcanism database n° 87;Gaddis (1999) / Legrand (2007);Not named;Not named;Not named;Astronomer and geographer;Italy;italian;17;17 th century;Ferrare;1598;Bologne;1671;First observer of a double star (Mizar). Author of the 'New Almagest' comprising a map of the Moon drawn by Grimaldi with a new lunar nomenclature.;-83;83 ° 0 '  West;-2.9;2 ° 54 '  South;South-West;Moon West limb;39;Grimaldi;226;1f7 / 2e1;075C 080C Q3W 247C;MM183;IV-173-H3 IV-174-H1 IV-168-H3;0;0;0;0;0;0;No ratio;No profile;Small pyroclastic deposit / Area = 20 km2;Sources : Coombs & Hawke 1992;Comment from sources : No comment;;3;Very interesting formation;13;6 days after First Quarter;5 days after Last Quarter;50;50 mm refractor;100 mm refractor
Pyroclastic 'Riccioli South-West';Pyroclastic area;Not determined;Gaddis pyroclastic volcanism database n° 88;Gaddis (1999) / Legrand (2007);Not named;Not named;Not named;Astronomer and geographer;Italy;italian;17;17 th century;Ferrare;1598;Bologne;1671;First observer of a double star (Mizar). Author of the 'New Almagest' comprising a map of the Moon drawn by Grimaldi with a new lunar nomenclature.;-83;83 ° 0 '  West;-2.5;2 ° 30 '  South;South-West;Moon West limb;39;Grimaldi;226;1f7 / 2e1;075C 080C Q3W 247C;MM183;IV-173-H3 IV-174-H1 IV-168-H3;0;0;0;0;0;0;No ratio;No profile;Small pyroclastic deposit / Area = 50 km2;Sources : Coombs & Hawke 1992;Comment from sources : No comment;;3;Very interesting formation;13;6 days after First Quarter;5 days after Last Quarter;50;50 mm refractor;100 mm refractor
Pyroclastic 'Riccioli West ';Pyroclastic area;Not determined;Gaddis pyroclastic volcanism database n° 89;Gaddis (1999) / Legrand (2007);Not named;Not named;Not named;Astronomer and geographer;Italy;italian;17;17 th century;Ferrare;1598;Bologne;1671;First observer of a double star (Mizar). Author of the 'New Almagest' comprising a map of the Moon drawn by Grimaldi with a new lunar nomenclature.;-83;83 ° 0 '  West;-2.5;2 ° 30 '  South;South-West;Moon West limb;39;Grimaldi;226;1f7 / 2e1;075C 080C Q3W 247C;MM183;IV-173-H3 IV-174-H1 IV-168-H3;0;0;0;0;0;0;No ratio;No profile;Small pyroclastic deposit / Area = 40 km2;Sources : Coombs & Hawke 1992;Comment from sources : No comment;;3;Very interesting formation;13;6 days after First Quarter;5 days after Last Quarter;50;50 mm refractor;100 mm refractor
Pyroclastic 'Riccioli West-South-West';Pyroclastic area;Not determined;Gaddis pyroclastic volcanism database n° 90;Gaddis (1999) / Legrand (2007);Not named;Not named;Not named;Astronomer and geographer;Italy;italian;17;17 th century;Ferrare;1598;Bologne;1671;First observer of a double star (Mizar). Author of the 'New Almagest' comprising a map of the Moon drawn by Grimaldi with a new lunar nomenclature.;-83;83 ° 0 '  West;-2.5;2 ° 30 '  South;South-West;Moon West limb;39;Grimaldi;226;1f7 / 2e1;075C 080C Q3W 247C;MM183;IV-173-H3 IV-174-H1 IV-168-H3;0;0;0;0;0;0;No ratio;No profile;Small pyroclastic deposit / Area = 40 km2;Sources : Coombs & Hawke 1992;Comment from sources : No comment;;3;Very interesting formation;13;6 days after First Quarter;5 days after Last Quarter;50;50 mm refractor;100 mm refractor
Pyroclastic 'Rima Bode';Pyroclastic area;Not determined;Gaddis pyroclastic volcanism database n° 91;Gaddis (1999) / Legrand (2007);Not named;Not named;Not named;Astronomer;Germany;german;18;18 th century;Hambourg;1747;Berlin;1826;Author of an 'Introduction to the Astronomy' in 1766.  Discoverer of an empirical law on planetary distances in 1772.  Director of the observatory of Berlin in 1786.;-3;3 ° 0 '  West;13;13 ° 0 '  North;North-West;Moon disk center;33;Triesnecker;290;;003C 009C 174C 179C 183C;;IV-109-H1;0;0;0;0;0;0;No ratio;No profile;Large pyroclastic deposit / Area = 10000 km2;Sources : Gaddis et al. 1985;Comment from sources : No comment;;3;Very interesting formation;7;First Quarter;6 days after Full Moon;50;50 mm refractor;100 mm refractor
Pyroclastic 'Rima Fresnel';Pyroclastic area;Not determined;Gaddis pyroclastic volcanism database n° 92;Gaddis (1999) / Legrand (2007);Not named;Not named;Not named;Physicist;France;french;19;19 th century;Chambrais;1788;Ville d'Avray;1827;Member of the Academy of Sciences in 1823. Specialist of the refraction and the diffraction. Inventor of lenses and mirrors wearing his name.;4;4 ° 0 '  East;28.5;28 ° 30 '  North;North-East;Montes Apenninus region;22;Conon;323;;;;;0;0;0;0;0;0;No ratio;No profile;Small pyroclastic deposit / Area = 2120 km2;Sources : Hawke et al. 1989;Comment from sources : No comment;;3;Very interesting formation;7;First Quarter;6 days after Full Moon;50;50 mm refractor;100 mm refractor
Pyroclastic 'Southern Sinus Aestuum';Pyroclastic area;Not determined;Gaddis pyroclastic volcanism database n° 93;Gaddis (1999) / Legrand (2007);Not named;Not named;Not named;No work;No country;No nationality ;0;No century;No birthplace;No birthdate;No deathplace;No deathdate;No facts;-7;7 ° 0 '  West;5;5 ° 0 '  North;North-West;Erathostenes crater South region;32;Stadius;146;;003C 009C 018C 179C 183C;ST05/03  MM60;IV-134-M IV-122-M IV-126-M IV-143-M IV-138-M IV-113-M IV-114-M IV-108-M IV-132-M IV-101-M IV-121-M IV-107-M IV-125-M IV-120-M;0;0;0;0;0;0;No ratio;No profile;Large pyroclastic deposit / Area = 30000 km2;Sources : Gaddis et al. 1985;Comment from sources : No comment;;3;Very interesting formation;8;1 day after First Quarter;Last Quarter;50;50 mm refractor;100 mm refractor
Pyroclastic 'Schluter A';Pyroclastic area;Not determined;Gaddis pyroclastic volcanism database n° 94;Gaddis (1999) / Legrand (2007);Not named;Not named;Not named;Astronomer;Germany;german;19;19 th century;?;1815;?;1844;Assistant of Bessel.;-82.2;82 ° 12 '  West;-9.2;9 ° 12 '  South;South-West;Moon West limb;39;Grimaldi;226;1f2;Q3W;;IV-181-H3 ;0;0;0;0;0;0;No ratio;No profile;Small pyroclastic deposit / Area = 40 km2;Sources : Coombs & Hawke 1992;Comment from sources : ' near Orientale ';;3;Very interesting formation;14;Full Moon;6 days after Last Quarter;50;50 mm refractor;100 mm refractor
Pyroclastic 'Schrodinger';Pyroclastic area;Not determined;Gaddis pyroclastic volcanism database n° 95;Gaddis (1999) / Legrand (2007);Not named;Not named;Not named;Physicist;Austria;Austrian;20;20 th century;Vienna;1887;Vienna;1961;Author of fundamental equations of quantic physics on 1926. Nobel laureate on 1933.;140;140 ° 0 '  East;-75;75 ° 0 '  South;North-East;Not defined;No map;;No map or picture;No map or picture;No map or picture;No article;I-115-M I-116-M;0;0;0;0;0;0;No ratio;No profile;Small pyroclastic deposit / Area = 680 km2;Sources : Shoemaker et al. 1994;Comment from sources : ' near S. Pole ';;999;Not visible;999;Not visible;Not visible;999;Not visible;Not visible
Pyroclastic 'South-East of Nectaris';Pyroclastic area;Not determined;Gaddis pyroclastic volcanism database n° 96;Gaddis (1999) / Legrand (2007);Not named;Not named;Not named;No work;No country;No nationality ;0;No century;No birthplace;No birthdate;No deathplace;No deathdate;No facts;40.4;40 ° 24 '  East;-22.6;22 ° 36 '  South;South-East;Mare Nectaris South edge;58;Fracastorius;192;15f5;323C 328C/S 334C/S 343C 131C/S 135C/S 143C/S 148C/S;ST07/00  MM112;IV-083-M IV-071-M IV-090-M IV-076-M IV-084-M IV-052-M IV-073-M IV-088-M IV-101-M IV-078-M IV-058-M IV-085-M IV-095-M IV-096-M IV-059-M;0;0;0;0;0;0;No ratio;No profile;Small pyroclastic deposit / Area = 891 km2;Sources : Coombs et al. 1990 / Hawke et al. 1997;Comment from sources : No comment;;3;Very interesting formation;5;5 days after New Moon;4 days after Full Moon;50;50 mm refractor;100 mm refractor
Pyroclastic 'Sulpicius Gallus';Pyroclastic area;Not determined;Gaddis pyroclastic volcanism database n° 97;Gaddis (1999) / Legrand (2007);Not named;Not named;Not named;Statesman;Rome;roman;-3;3 rd century BC;?;vers 250 a;?;?;??;10;10 ° 0 '  East;20;20 ° 0 '  North;North-East;South-West part of Mare Serenitatis;23;Linné;285;1.00E+02;351C 154C 161C 167N;;IV-097-H3;0;0;0;0;0;0;No ratio;No profile;Large pyroclastic deposit / Area = 6000 km2;Sources : Gaddis et al. 1985;Comment from sources : ' SW Serenitatis ';;3;Very interesting formation;6;6 days after New Moon;5 days after Full Moon;50;50 mm refractor;100 mm refractor
Pyroclastic 'Taruntius 1';Pyroclastic area;Not determined;Gaddis pyroclastic volcanism database n° 98;Gaddis (1999) / Legrand (2007);Not named;Not named;Not named;Mathematician and philosopher;Rome;roman;-2;2 nd century BC;?;?;?;86 av JC;??;46;46 ° 0 '  East;5.1;5 ° 6 '  North;North-East;North edge of Mare Fecunditatis;37;Taruntius;268;;315C 323N/C 328C 124C 131C;MM107;IV-191-H3 IV-061-H1;0;0;0;0;0;0;No ratio;No profile;Small pyroclastic deposit / Area = 3 km2;Sources : Spudis 1989;Comment from sources : ' young? E. Tranq./NW Fecund. ';;3;Very interesting formation;4;4 days after New Moon;3 days after Full Moon;50;50 mm refractor;100 mm refractor
Pyroclastic 'Taruntius 2';Pyroclastic area;Not determined;Gaddis pyroclastic volcanism database n° 99;Gaddis (1999) / Legrand (2007);Not named;Not named;Not named;Mathematician and philosopher;Rome;roman;-2;2 nd century BC;?;?;?;86 av JC;??;46.8;46 ° 48 '  East;5.3;5 ° 18 '  North;North-East;North edge of Mare Fecunditatis;37;Taruntius;268;;315C 323N/C 328C 124C 131C;MM107;IV-191-H3 IV-061-H1;0;0;0;0;0;0;No ratio;No profile;Small pyroclastic deposit / Area = 4 km2;Sources : Spudis 1989;Comment from sources : No comment;;3;Very interesting formation;4;4 days after New Moon;3 days after Full Moon;100;100 mm reflector;200 mm reflector
Pyroclastic 'Taurus-Littrow';Pyroclastic area;Not determined;Gaddis pyroclastic volcanism database n° 101;Gaddis (1999) / Legrand (2007);Not named;Not named;Not named;No work;No country;No nationality ;0;No century;No birthplace;No birthdate;No deathplace;No deathdate;No facts;30.1;30 ° 6 '  East;20.1;20 ° 6 '  North;North-East;North of Mare Tranquillitatis region;25;Römer;309;3e7 / 4e2;323N 328N/C 131N/C 135N/C;;;0;0;0;0;0;0;No ratio;No profile;Large pyroclastic deposit / Area = 4000 km2;Sources : Gaddis et al. 1985;Comment from sources : ' SE Serenitatis ';;3;Very interesting formation;5;5 days after New Moon;4 days after Full Moon;50;50 mm refractor;100 mm refractor
