NAME;TYPE;PERIOD;NAMEDETAIL;NAMEORIGIN;LANGRENUS;HEVELIUS;RICCIOLI;WORK;COUNTRY;NATIONLITY;CENTURYN;CENTURYC;BIRTHPLACE;BIRTHDATE;DEATHPLACE;DEATHDATE;FACTS;LONGIN;LONGIC;LATIN;LATIC;QUADRANT;AREA;RUKL;RUKLC;VISCARDY;HATFIELD;WESTFALL;WOOD;LOPAM;LENGTHKM;WIDEKM;LENGTHMI;WIDEMI;HEIGHTM;HEIGHTFE;RAPPORT;PROFIL;GENERAL;SLOPES;WALLS;FLOOR;INTERESTN;INTERESTC;LUNATION;MOONDAYS;MOONDAYM;DIAMINST;THINSTRU;PRINSTRU
LUNA 2;Sonda / Impacto voluntário;12-09-1959;Luna 2 / Lunik 2 (Classe E-1A);(URSS / Korolev);Inexistente na época;Inexistente na época;Inexistente na época;Nenhuma personagem;;;;;;;;;;-0,1;0,1° Oeste;30,1;30,1° Norte;Norte-Oeste;Região a Norte da cratera Arquimedes;12;Aristillus;333;Não indicado;Não indicado;;??;0;0;0;0;0;0;Dados não disponíveis.;Dados não disponíveis.;Lançamento a 12/Setembro/1959 às 22h 02mn (TU) de Baïkonour.;Sonda com diâmetro de 1,20 m e massa de 390,2 Kg. Sem instrumentos. Liberta uma nuvem de sódio no espaço para ajudar o seu seguimento. Confirma a ausência de campo magnética e de cinturas de radiações em redor da Lua. ;"Atinge a Lua a 3,3 km/s com um inclinação de 60°. Contacto a 13 de Setembro às 21 h 2 Mn 24 s em Palus Putredinis. Primeiro objecto humano a atingir outro astro. 2 cápsulas de 9 e 15 cm quebradas no impacto em pentágonos com a inscrição ""URSS, Setembro de 1959"" ";30 minutos mais tarde, o último andar do foguete de lançamento atinge !
 também a Lua. As coordenadas deste segundo impacto são desconhecidas.;0;Formação invisível;7;No Quarto Crescente;Seis dias após a Lua Cheia;999;Invisível;Invisível
RANGER 4;Sonda / Impacto involuntário;23-04-1962;Ranger 4 (Classe Block 2);(NASA/USA);Inexistente na época;Inexistente na época;Inexistente na época;Nenhuma personagem;;;;;;;;;;-130,7;130,7° Oeste;-15,5;15,5° Sul;Sul-Oeste;Não definido;Nenhum mapa;;;Não indicado;Não indicado;;??;0;0;0;0;0;0;Dados não disponíveis.;Dados não disponíveis.;Lançamento a 23/Abril/1962 às 20h 50mn (TU) de Cabo Kennedy.;Sonda de 3,60 m de altura. Massa de 306 Kg incluindo 6 câmaras das quais 4 de alta definição. 2 painéis solares de 5,20 m de envergadura e um retrofoguete de 14O Kg. Comporta uma cápsula científica com retrofoguete para alunagem suave de uma cápsula de balsa de 65cm de diâmetro. ;Mau funcionamento do computador de bordo. Nenhuma transmissão de imagem. Despenha-se sobra a face oculta da Lua a 26 de Abril de 1962 às 12h 49mn 53s com uma velocidade de 9600 km/h. ;;0;Formação invisível;99;Invisível;Invisible;999;Invisível;Invisível
RANGER 6;Sonda / Impacto voluntário;30-01-1964;Ranger 6 (Classe Block 3);(NASA/USA);Inexistente na época;Inexistente na época;Inexistente na época;Nenhuma personagem;;;;;;;;;;21,5;21,5° Este;9,3;9,3° Norte;Norte-Este;Parte Este do Mar da Tranquilidade;35;Arago;279;Não indicado;Não indicado;;??;0;0;0;0;0;0;Dados não disponíveis.;Dados não disponíveis.;Lançamento a 30/Janeiro/1964 às 15h 49mn (TU) de Cabo Kennedy.;Sonda de 3,60 m de altura. Massa de 306 Kg incluindo 6 câmaras das quais 4 de alta definição. 2 painéis solares de 4,60 m de envergadura. ;Despenha-se sobre a Lua a 2 de Fevereiro de 1964 no Mar Tranquillitatis, perto da cratera Arago a 32 Km do ponto previsto. Avaria na câmara de televisão antes do impacto.;;0;Formação invisível;5;Cinco dia após a Lua Nova;Quatro dia após a Lua Cheia;999;Invisível;Invisível
RANGER 7;Sonda / Impacto voluntário;28-07-1964;Ranger 7 (Classe Block 3);(NASA/USA);Inexistente na época;Inexistente na época;Inexistente na época;Nenhuma personagem;;;;;;;;;;-20,66;20,66° Oeste;-10,35;10,35° Sul;Sul-Oeste;Região a Sudeste do Oceano das Tempestades;42;Fra Mauro;216;Não indicado;Não indicado;;??;0;0;0;0;0;0;Dados não disponíveis.;Dados não disponíveis.;Lançamento a 28/Julho/1964 às 16h 50 mn (TU) de Cabo Kennedy.;Sonda de 3,60 m de altura. Massa de 306 Kg. 2 câmaras de grande-angular (25 °) e 4 de alta definição (de 8,4 ° a 2,1 °). 2 painéis solares de 4,6 m de grande envergadura que asseguram 200 W. Sensor terrestre óptico e antena de transmissão de grande ganho. 2 redes internas de alimentação para uma melhor fiabilidade. Registo sobre banda magnética e sobre filme após fotografia de um ecrã de bordo. ;Voo de 68 h. Órbita hiperbólica desde a Terra inclinada a 26,8 °. 4308 fotografias transmitidas desde as 13 h 08m (2110 Km de altitude) às 13 h 25 de 31 de J!
 ulho. Última foto obtida a 519 m de altitude com uma resolução de 50 cm. Despenha-se no Mar Cognitum a 16 Km do lugar prevista. Velocidade de impacto de 2,62 km/s.;;0;Formação invisível;9;Dois dias após o Quarto Crescente;Um dia após o Quarto Minguante;999;Invisível;Invisível
RANGER 8;Sonda / Impacto voluntário;17-02-1965;Ranger 8 (Classe Block 3);(NASA/USA);Inexistente na época;Inexistente na época;Inexistente na época;Nenhuma personagem;;;;;;;;;;24,65;24,65° Este;2,67;2,67° Norte;Norte-Este;Parte Este do Mar da Tranquilidade;35;Arago;276;Não indicado;Não indicado;;??;0;0;0;0;0;0;Dados não disponíveis.;Dados não disponíveis.;Lançamento a 17/Fevereiro/1965 às 17h 05mn (TU) de Cabo Kennedy.;Sonda de 3,60 m de altura. Massa de 306 Kg. 2 câmaras de grande-angular (25 °) e 4 de alta definição (de 8,4 ° a 2,1 °). 2 painéis solares de 4,6 m de grande envergadura que asseguram 200 W. Sensor terrestre óptico e antena de transmissão de grande ganho. 2 redes internas de alimentação para uma melhor fiabilidade. Registo sobre banda magnética e sobre filme após fotografia de um ecrã de bordo. ;Perda de alimentação durante o voo com posterior regresso à normalidade. 7137 fotografias entre as quais 540 de elevada resolução transmitidas desde as 9 h (34.2510 Km !
 de altitude) às 9 h 57mn 36s. Última foto com resolução de 1,5 m. Impacto calculado com um ângulo de 42° para permitir vistas panoramicas. Despenha-se no Mar Tranquillitatis a 20 de Fevereiro de 1965 a 70 Km do futuro sítio da Apollo 11 com uma velocidade de 2,68 km/h.;;0;Formação invisível;5;Cinco dia após a Lua Nova;Quatro dia após a Lua Cheia;999;Invisível;Invisível
RANGER 9;Sonda / Impacto voluntário;21-03-1965;Ranger 9 (Classe Block 3);(NASA/USA);Inexistente na época;Inexistente na época;Inexistente na época;Nenhuma personagem;;;;;;;;;;-2,37;2,37° Oeste;-12,83;12,83° Sul;Sul-Oeste;Sector da cratera Ptolémée;44;Ptolemaeus;;Não indicado;Não indicado;;??;0;0;0;0;0;0;Dados não disponíveis.;Dados não disponíveis.;Lançamento a 21/Março/1965 às 21h 37mn (TU) de Cabo Kennedy.;Sonda de 3,60 m de altura. Massa de 306 Kg. 2 câmaras de grande-angular (25 °) e 4 de alta definição (de 8,4 ° a 2,1 °). 2 painéis solares de 4,6 m de grande envergadura que asseguram 200 W. Sensor terrestre óptico e antena de transmissão de grande ganho. 2 redes internas de alimentação para uma melhor fiabilidade. Registo sobre banda magnética e sobre filme após fotografia de um ecrã de bordo. ;5.814 fotografias obtidas entre as 13 h 49m (2363 Km de altitude) e as 14 h 08mn 20s. Resolução de 30 cm na última foto. Despenha-se na cratera Alphonsus a 4,9 Km do ponto previs!
 to a 24 de Março de 1965 com uma velocidade de 2,67 km/s.;;0;Formação invisível;7;No Quarto Crescente;Seis dias após a Lua Cheia;999;Invisível;Invisível
LUNA 5;Sonda / Impacto involuntário;09-05-1965;Luna 5 / Lunik 5 (Lunik classe E-6);(URSS  / RSVN / Korolev);Inexistente na época;Inexistente na época;Inexistente na época;Nenhuma personagem;;;;;;;;;;-25,1;25,1° Oeste;-1,6;1,6° Sul;Sul-Oeste;Região a Sudeste do Oceano das Tempestades;42;Fra Mauro;252;Não indicado;Não indicado;;??;0;0;0;0;0;0;Dados não disponíveis.;Dados não disponíveis.;Lançamento a 9/Maio/1965 às 7h 55mn (TU) de Baïkonour.;Sonda de 1474 Kg. Mesmo classe que Luna 9. Comporta um módulo de alunagem suave de 84 Kg. Tentativa abortada por avaria do retrofoguete a 84 Km de altitude. Despenha-se sobre a Lua a 9 de Maio de 1965 sobre o bordo Sul da Mar Nubium.;;;0;Formação invisível;9;Dois dias após o Quarto Crescente;Um dia após o Quarto Minguante;999;Invisível;Invisível
LUNA 7;Sonda / Impacto involuntário;03-10-1965;Luna 7 / Lunik 7 (Lunik classe E-6);(URSS  / RSVN / Korolev);Inexistente na época;Inexistente na época;Inexistente na época;Nenhuma personagem;;;;;;;;;;-40;40,0° Oeste ?;9;9,0° Norte ?;Norte-Oeste;Sector da cratera Ptolomeu;30;Não indicado;;Não indicado;Não indicado;;??;0;0;0;0;0;0;Dados não disponíveis.;Dados não disponíveis.;Lançamento a 3/Outubro/1965 de Baïkonour.;Sonda de 1474 Kg. Mesmo classe que Luna 9. Comporta um módulo de alunagem suave de 84 Kg. Tentativa abortada por avaria dos retrofoguetes. Despenha-se sobre a Lua a 8 de Outubro de 1965 em Oceanus Procellarum a 40 Km a Sudeste da cratera Marius.;;;0;Formação invisível;11;Quatro dias após o Quarto Crescente;Três dias após o Quarto Minguante;999;Invisível;Invisível
LUNA 8;Sonda / Impacto involuntário;03-12-1965;Luna 8 / Lunik 8 (Lunik classe E-6);(URSS  / RSVN / Korolev);Inexistente na época;Inexistente na época;Inexistente na época;Nenhuma personagem;;;;;;;;;;-63,1;63,1° Oeste;9,1;9,1° Norte;Norte-Oeste;Limbo Ocidental da Lua;28;Galilei;261;Não indicado;Não indicado;;??;0;0;0;0;0;0;Dados não disponíveis.;Dados não disponíveis.;Lançamento a 3/Dezembro/1965 às 10h 48mn (TU) de Baïkonour.;Sonda de 1552 Kg. Mesmo classe que Luna 9. Comporta um módulo de alunagem suave de 84 Kg. Terá poisado suavemente sobre a Lua a 7 de Dezembro de 1965 em Oceanus Procellarum a 40 Km a Sul da cratera Galilei. Contacto perdido exactamente antes da alunagem.;;;0;Formação invisível;12;Cinco dias após o Quarto Crescente;Quatro dias após o Quarto Minguante;999;Invisível;Invisível
LUNA 9;Sonda / Aterragem suave;31-01-1966;Luna 9 / Lunik 9 (Lunik classe E-6);(URSS  / RSVN / Korolev);Inexistente na época;Inexistente na época;Inexistente na época;Nenhuma personagem;;;;;;;;;;-64,3;64,3° Oeste;7,1;7,1° Norte;Norte-Oeste;Limbo Ocidental da Lua;28;Galilei;261;Não indicado;Não indicado;;??;0;0;0;0;0;0;Dados não disponíveis.;Dados não disponíveis.;Lançamento a 31/Janeiro/1966 às 11 h 45 de Baïkonour.;Sonda de 1.580 Kg. Viagem de 3,5 dias. Sequência de travagem por retrofoguete a 75 Km de altitude durante 46 s. Sonda lunar contida num balão inflado libertado a alguns metros de altitude. Primeira alunagem suave em Oceanus Procellarum a 3 de Fevereiro às 18 h 45. ;Sonda em forma de ovo, de 82 Kg e com instrumentos e câmaras. 4 painéis solares em pétalas abertos após alunagem. Contentor selado com aquecimento interno, baterias e programador. Câmara TV fixa com espelho orientável. 3 séries num total de 27 fotografias em 3 dias que formam o primeiro panorama lunar. !
 ;Traz a prova de que o solo da Lua é duro. Fotografias estéreo após um movimento da sonda devido a um movimento de terreno. Dados sobre as radiações. Contacto perdido a 7 de Fevereiro no seguimento do esgotamento das baterias.;0;Formação invisível;12;Cinco dias após o Quarto Crescente;Quatro dias após o Quarto Minguante;999;Invisível;Invisível
SURVEYOR 1;Sonda / Aterragem suave;30-05-1966;Surveyor 1;(NASA/USA);Inexistente na época;Inexistente na época;Inexistente na época;Nenhuma personagem;;;;;;;;;;-43,2;43,2° Oeste;-2,5;2,5° Sul;Sul-Oeste;Parte Sudoeste do Oceano das Tempestades;40;Flamsteed;221;Não indicado;Não indicado;;??;0;0;0;0;0;0;Dados não disponíveis.;Dados não disponíveis.;Lançamento a 30/Maio/1966 às 14h 41mn (TU) de Cabo Kennedy.;Sonda comportando 330 Kg de material e 537 Kg de combustíveis azotados. 1 retrofoguete usado a 97 Km e três motores de descida usados a 5 m do solo. 1 câmara de televisão a cores. 3 pés a 120 ° com uma amplitude de 4,2 m. Um mastro de 3 m de altura com um painel solar e uma antena de alto ganho.;Alunagem suave a 2 de Junho de 1966 no Oceanus Procellarum a 50 Km a Norte da cratera Flamsteed. Transmite 11.237 fotografias. Confirma o solo duro da Lua. Continua operacional até Outubro de 1966. Reactivado em Janeiro de 1967.;;0;Formação invisível;11;Quatro dias após o Quarto Cresc!
 ente;Três dias após o Quarto Minguante;999;Invisível;Invisível
LUNAR ORBITER 1;Sonda / Impacto involuntário;10-08-1966;Lunar Orbiter 1;(NASA/USA);Inexistente na época;Inexistente na época;Inexistente na época;Nenhuma personagem;;;;;;;;;;-160,72;160,72° Oeste ?;6,35;6,35° Norte ?;Norte-Oeste;Não definido;Nenhum mapa;;Não indicado;Não indicado;Não indicado;;??;0;0;0;0;0;0;Dados não disponíveis.;Dados não disponíveis.;Lançamento a 10/Agosto/1966 às 19h 26mn (TU) de Cabo Kennedy.;Orbitador lunar destinado a fotografar os locais potenciais para alunagem humana. Altura de 1,65 m. Diâmetro de 1,5 m. Quatro painéis solares de 3,72 m de grande envergadura.;Aproximou-se até 40,5 Km do solo lunar. 42 fotografias de elevada resolução e 187 de média resolução obtidas de 18 a 29 de Agosto e retransmitidas a partir de 14 de Setembro. Despenha-se a 29 de Outubro de 1966 aquando da 577a órbita. ;Primeiras fotografias da Terra obtidas desde a Lua. Detectada a forma de pêra da Lua. Nenhum impacto de micrometeoritos na sonda.;0;Formação invisível;;;;999;In!
 visível;Invisível
SURVEYOR 2;Sonda / Impacto involuntário;20-09-1966;Surveyor 2;(NASA/USA);Inexistente na época;Inexistente na época;Inexistente na época;Nenhuma personagem;;;;;;;;;;-11;11,0° Oeste;3,9;3,9° Norte;Norte-Oeste;Região a Sul da cratera Eratóstenes;32;Stadius;247;Não indicado;Não indicado;;??;0;0;0;0;0;0;Dados não disponíveis.;Dados não disponíveis.;Lançamento a 20/Setembro/1966 às 12h 32mn (TU) de Cabo Kennedy.;Sonda comportando 330 Kg de material e 537 Kg de combustíveis azotados. 1 retrofoguete usado a 97 Km e três motores de descida usados a 5 m do solo. 1 câmara de televisão a cores. 3 pés a 120 ° com uma amplitude de 4,2 m. Um mastro de 3 m de altura com um painel solar e uma antena de alto ganho.;Avaria de um motor de descida. Despenha-se sobre a Lua a 22 de Setembro de 1966 a Sul da cratera Copernicus.;;0;Formação invisível;8;Um dia após o Quarto Crescente;No Quarto Minguante;999;Invisível;Invisível
LUNAR ORBITER 2;Sonda / Impacto involuntário;06-11-1966;Lunar Orbiter 2;(NASA/USA);Inexistente na época;Inexistente na época;Inexistente na época;Nenhuma personagem;;;;;;;;;;-119,1;119,1° Oeste ?;2,9;2,9° Norte ?;Norte-Oeste;Não definido;Nenhum mapa;Não indicado;Não indicado;Não indicado;Não indicado;;??;0;0;0;0;0;0;Dados não disponíveis.;Dados não disponíveis.;Lançamento a 6/Novembro/1966 às 23h 21mn (TU) de Cabo Kennedy.; Orbitador lunar destinado a fotografar os locais potenciais para alunagem humana. Altura de 1,65 m. Diâmetro de 1,5 m. Quatro painéis solares de 3,72 m de grande envergadura. ;Aproximou-se até 49,7 Km do solo lunar. 609 fotografias de elevada resolução (até 1 m) e 208 de média resolução obtidas de 18 ao 25 de Novembro e retransmitidas a partir de 7 de Dezembro. Despenha-se a 11 de Outubro de 1967. ;Obtem foto oblíqua espectacular da cratera Copernicus.;0;Formação invisível;;;;999;Invisível;Invisível
LUNA 13;Sonda / Aterragem suave;21-12-1966;Luna 13 / Lunik 13 (Classe E-6M);(URSS / NII-88 / Korolev);Inexistente na época;Inexistente na época;Inexistente na época;Nenhuma personagem;;;;;;;;;;-22,1;22,1° Oeste;19;19,0° Norte;Norte-Oeste;Limbo Oeste-Noroeste da Lua;17;Struve;303;Não indicado;Não indicado;;??;0;0;0;0;0;0;Dados não disponíveis.;Dados não disponíveis.;Lançamento a 21/Dezembro/1966  às 10h 19 mn (TU) de Baïkonour.;Sonda de 1700 Kg. Viagem de 3,5 dias. Sequência de travagem por retrofoguete a 75 Km de altitude durante 46 s. Sonda lunar contida num balão inflado libertado a alguns metros de altitude. Alunagem a 24 de Dezembro de 1966 às 18h 01mn. ;Sonda em forma de ovo, de 150 Kg e com instrumentos e câmaras. 4 painéis solares em pétalas abertos após alunagem. Contentor selado com aquecimento interno, baterias e programador. Câmara TV fixa com espelho orientável. ;Obteve três vistas panorâmicas. Efectuou medidas físicas sobre o solo com um penetrómetro, dinamógraf!
 o e um densitómetro de radiações. Transmissões terminadas no fim de Dezembro.;0;Formação invisível;9;Dois dias após o Quarto Crescente;Um dia após o Quarto Minguante;999;Invisível;Invisível
LUNAR ORBITER 3;Sonda / Impacto involuntário;05-02-1967;Lunar Orbiter 3;(NASA/USA);Inexistente na época;Inexistente na época;Inexistente na época;Nenhuma personagem;;;;;;;;;;-91,7;91,7° Oeste;14,6;14,6° Norte;Norte-Oeste;Não definido;VIII;Não indicado;Não indicado;Não indicado;Não indicado;;??;0;0;0;0;0;0;Dados não disponíveis.;Dados não disponíveis.;Lançamento a 5/Fevereiro/1967 de Cabo Kennedy.;Orbitador lunar destinado a fotografar locais potenciais para alunagem humana. Altura de 1,65 m. Diâmetro de 1,5 m. Quatro painéis solares de 3,72 m de grande envergadura. ;Aproximou-se até 55 Km do solo lunar. 477 fotografias de elevada resolução (até 1 m) e 149 de média resolução obtidas de 15 a 23 de Fevereiro e retransmitidas a partir de 4 de Março. Despenha-se a 9 de Outubro de 1967. ;Localização da Surveyor 1 sobre a superfície. Avaria do mecanismo de avanço do filme que não permitiu a transmissão de 25% da gravação. ;0;Formação invisível;;;;999;Invisível;Invisível
SURVEYOR 3;Sonda / Aterragem suave;17-04-1967;Surveyor 3;(NASA/USA);Inexistente na época;Inexistente na época;Inexistente na época;Nenhuma personagem;;;;;;;;;;-23,3;23,3° Oeste;-3;3,0° Sul;Sul-Oeste;Região a Sudeste do Oceano das Tempestades;42;Fra Mauro;249;Não indicado;Não indicado;;??;0;0;0;0;0;0;Dados não disponíveis.;Dados não disponíveis.;Lançamento a 17/Abril/1967 às 7h 05mn (TU) de Cabo Kennedy.; Sonda comportando 330 Kg de material e 537 Kg de combustíveis azotados. 1 retrofoguete usado a 97 Km e três motores de descida usados a 5 m do solo. 1 câmara de televisão a cores. 3 pés a 120 ° com uma amplitude de 4,2 m. Um mastro de 3 m de altura com um painel solar e uma antena de alto ganho.;Alunagem suave entre a cratera Fra Mauro e Montes Riphaeus. Abre 3 sulcos no solo. Transmite 6.315 fotografias entre as quais uma fotografia do eclipse de 24 de Abril de 1967. Mantém-se operacional até a Maio de 1967. Visitado pelos astronautas da Apollo 12 em Novembro de 1969. Um es!
 treptococo terrestre vivo encontrado nas peças trazidas para a Terra.;;0;Formação invisível;9;Dois dias após o Quarto Crescente;Um dia após o Quarto Minguante;999;Invisível;Invisível
SURVEYOR 4;Sonda / Aterragem suave;14-07-1967;Surveyor 4;(NASA/USA);Inexistente na época;Inexistente na época;Inexistente na época;Nenhuma personagem;;;;;;;;;;-1,3;1,3° Oeste;0,4;0,4° Norte;Norte-Oeste;Região ao centro do disco lunar;33;Triesnecker;291;Não indicado;Não indicado;;??;0;0;0;0;0;0;Dados não disponíveis.;Dados não disponíveis.;Lançamento a 14/Julho/1967 às 11h 53mn (TU) de Cabo Kennedy.; Sonda comportando 330 Kg de material e 537 Kg de combustíveis azotados. 1 retrofoguete usado a 97 Km e três motores de descida usados a 5 m do solo. 1 câmara de televisão a cores. 3 pés a 120 ° com uma amplitude de 4,2 m. Um mastro de 3 m de altura com um painel solar e uma antena de alto ganho.;Despenha-se perto do centro da face visível por causa de uma avaria de retrofoguetes.;;0;Formação invisível;7;No Quarto Crescente;Seis dias após a Lua Cheia;999;Invisível;Invisível
LUNAR ORBITER 5;Sonda / Impacto involuntário;02-08-1967;Lunar Orbiter 5;(NASA/USA);Inexistente na época;Inexistente na época;Inexistente na época;Nenhuma personagem;;;;;;;;;;-83,1;83,1° Oeste;-2,8;2,8° Sul;Sul-Oeste;Limbo Ocidental da Lua;39;Grimaldi;Não indicado;Não indicado;Não indicado;;??;0;0;0;0;0;0;Dados não disponíveis.;Dados não disponíveis.;Lançamento a 2/Agosto/1967 de Cabo Kennedy.; Orbitador lunar destinado a fotografar os locais potenciais para alunagem humana. Altura de 1,65 m. Diâmetro de 1,5 m. Quatro painéis solares de 3,72 m de grande envergadura. ;Aproximou-se até 99 Km do solo lunar. 633 fotografias de elevada resolução (até 2 m) e 211 de média resolução obtidas de 6 ao 18 de Agosto e retransmitidas a partir de 27 de Agosto. Despenha-se a 31 de Janeiro de 1968. ;Cobertura fotográfica do globo lunar alcança os 99%.;0;Formação invisível;;;;999;Invisível;Invisível
SURVEYOR 5;Sonda / Aterragem suave;08-09-1967;Surveyor 5;(NASA/USA);Inexistente na época;Inexistente na época;Inexistente na época;Nenhuma personagem;;;;;;;;;;23,2;23,2° Este;1,4;1,4° Norte;Norte-Este;Parte Este do Mar da Tranquilidade;35;Arago;276;Não indicado;Não indicado;;??;0;0;0;0;0;0;Dados não disponíveis.;Dados não disponíveis.;Lançamento a 8/Setembro/1967 7h 57mn (TU) de Cabo Kennedy.; Sonda comportando 330 Kg de material e 537 Kg de combustíveis azotados. 1 retrofoguete usado a 97 Km e três motores de descida usados a 5 m do solo. 1 câmara de televisão a cores. 3 pés a 120 ° com uma amplitude de 4,2 m. Um mastro de 3 m de altura com um painel solar e uma antena de alto ganho.;Alunagem suave no Mar Tranquillitatis. Análise do solo por um medidor de partículas alfa de 13 Kg durante 100 h e sobre 100 cm2. Composição próxima do basalto terrestre. Informações sobre reflectividade radar e temperatura do solo. 18.006 fotografias. Continua operacional até 16 de Dezembro de !
 1967.;;0;Formação invisível;5;Cinco dia após a Lua Nova;Quatro dia após a Lua Cheia;999;Invisível;Invisível
SURVEYOR 6;Sonda / Aterragem suave;07-11-1967;Surveyor 6;(NASA/USA);Inexistente na época;Inexistente na época;Inexistente na época;Nenhuma personagem;;;;;;;;;;-1,4;1,4° Oeste;0,4;0,4° Norte;Norte-Oeste;Região ao centro do disco lunar;33;Triesnecker;291;Não indicado;Não indicado;;??;0;0;0;0;0;0;Dados não disponíveis.;Dados não disponíveis.;Lançamento a 7/Novembro/1967 às 7h 39mn (TU) de Cabo Kennedy.; Sonda comportando 330 Kg de material e 537 Kg de combustíveis azotados. 1 retrofoguete usado a 97 Km e três motores de descida usados a 5 m do solo. 1 câmara de televisão a cores. 3 pés a 120 ° com uma amplitude de 4,2 m. Um mastro de 3 m de altura com um painel solar e uma antena de alto ganho.;Alunagem suave em Sinos Medii. Redescolagem a 2,5 m de altura e alunagem a 6,5 m de distância. 30.065 fotografias. Análise do solo por um medidor de partículas alfa de 13 Kg. Continua operacional até 14 de Dezembro de 1967.;;0;Formação invisível;7;No Quarto Crescente;Seis dias após a Lua!
  Cheia;999;Invisível;Invisível
SURVEYOR 7;Sonda / Aterragem suave;07-01-1968;Surveyor 7;(NASA/USA);Inexistente na época;Inexistente na época;Inexistente na época;Nenhuma personagem;;;;;;;;;;-11,2;11,2° Oeste;-41;41,0° Sul;Sul-Oeste;Sector da cratera Tycho;64;Tycho;91;Não indicado;Não indicado;;??;0;0;0;0;0;0;Dados não disponíveis.;Dados não disponíveis.;Lançamento a 7/Janeiro/1968 às 6h 30mn (TU) de Cabo Kennedy.; Sonda comportando 330 Kg de material e 537 Kg de combustíveis azotados. 1 retrofoguete usado a 97 Km e três motores de descida usados a 5 m do solo. 1 câmara de televisão a cores. 3 pés a 120 ° com uma amplitude de 4,2 m. Um mastro de 3 m de altura com um painel solar e uma antena de alto ganho.;Alunagem suave perto da cratera Tycho a 4.500 m de altitude. Análise do solo por um medidor de partículas alfa de 13 Kg. Descoberto um forte teor de alumínio. Composição do solo das crateras diferente da dos mares lunares. 21.274 fotografias. Continua operacional até 20 de Fevereiro 1968. Abre 7 sulcos a!
 té 40 cm de profundidade.;;0;Formação invisível;8;Um dia após o Quarto Crescente;No Quarto Minguante;999;Invisível;Invisível
LUNA 15;Sonda / Impacto involuntário;13-07-1969;Luna 15 / Lunik 15 (Classe Ye-8-5);(URSS / MOM / Lavochkin);Inexistente na época;Inexistente na época;Inexistente na época;Nenhuma personagem;;;;;;;;;;58,5;58,5° Este;11,7;11,7° Norte;Norte-Este;Limbo Leste da Lua;38;Neper;263;Não indicado;Não indicado;;??;0;0;0;0;0;0;Dados não disponíveis.;Dados não disponíveis.;Lançamento a 13/Julho/1969 de Baïkonour.;Sonda de 5700 Kg. Mesmo classe que Luna 16. Transporta uma sonda de alunagem de 1.880 Kg com módulo de regresso com amostras de solo. Coloca-se em órbita em redor da Lua a 17 de Julho. Realiza 52 órbitas lunares antes da tentativa de alunagem. ;Despenha-se no Mar Crisium pouco após o sucesso da missão americana Apollo 11, devido a um conjunto de erros de programação que não tiveram em conta efeitos gravíticos.;;0;Formação invisível;3;Três dias após a Lua Nova;Dois dias após a Lua Cheia;999;Invisível;Invisível
APOLLO 11 BASE;Missão humana / Aterragem suave;16-07-1969;Base de alunagem da missão Apollo 11;(NASA/USA);Inexistente na época;Inexistente na época;Inexistente na época;Nenhuma personagem;;;;;;;;;;23,5;23,5° Este;0,7;0,7° Norte;Norte-Este;Parte Este do Mar da Tranquilidade;35;Arago;276;Não indicado;Não indicado;;??;0;0;0;0;0;0;Dados não disponíveis.;Dados não disponíveis.;Lançamento a 16/Julho/1969 às 13h 32mn (TU) de Cabo Kennedy. Montagem de 3,9m de diâmetro. Módulo de Comando Columbia (CM) 3,65 m de altura e 5,6 t.  Service Module (SM) de 7,6 m de comprimento e 23,2 t. Módulo Lunar Eagle (LM) de 6 m de altura, de 4,2 m de largura e de 15,1 t das quais 10,85 t de carburantes.;Neil A. ARMSTRONG (Comandante) Edwin E. ALDRIN (Piloto do LM) Michael COLLINS (Piloto do CSM). Primeiro alunagem humana a 20 de Julho de 1969 às 20h 17mn 40s. Primeiro passeio sobre a Lua a 21 de Julho de 1969 a 2h 56mn 15s. Passeio de 2h 31mn. Distância percorrida 250 m a um máximo de 100 m do LM.;21!
 .4kg de rochas recolhidas de duas perfurações. Early Apollo Surface Experiments Package (EASEP) com reflector laser, sismómetro, medição do vento solar. Alimentação por painéis solares. Fim das transmissões do EASEP a 27 de Agosto de 1969.;Descolagem a 21 de Julho às 17h 54mn. Permanência total sobre a Lua: 21h 36mn. Amaragem a 24 de Julho 1969 às 16h 50mn. Duração total da missão: 8d 3h 18mn. ;0;Formação invisível;5;Cinco dia após a Lua Nova;Quatro dia após a Lua Cheia;999;Invisível;Invisível
APOLLO 12 BASE;Missão humana / Aterragem suave;14-11-1969;Base de alunagem da missão Apollo 12;(NASA/USA);Inexistente na época;Inexistente na época;Inexistente na época;Nenhuma personagem;;;;;;;;;;-23,2;23,2° Oeste;-3;3,0° Sul;Sul-Oeste;Região a Sudeste do Oceano das Tempestades;42;Fra Mauro;249;Não indicado;Não indicado;;??;0;0;0;0;0;0;Dados não disponíveis.;Dados não disponíveis.;Lançamento a 14/Novembro/1969 às 16h 22mn (TU) de Cabo Kennedy. Montagem de 3,9m de diâmetro. Módulo de Comando Yankee Clipper (CM) 3,65 m de altura e 5,6 t.  Service Module (SM) de 7,6 m de comprimento e 23,1 t. Lunar  Module Intrepid (LM) de 6 m de altura, de 4,2 m de largura e de 15,1 t das quais 10,75 t de carburantes.;Charles P. CONRAD (Comandante) Alan L. BEAN (Piloto do LM) Richard F.GORDON (Piloto do CSM). Alunagem a 19 de Novembro de 1969 às 6h 54mn 35s. Primeiro passeio a 19 de Novembro, com duração de de 3h 56mn. Segundo passeio a 20 de Novembro com duração de 3h 50mn. Distância total p!
 ercorrida de 1350 m.;34,4 Kg de rochas trazidas. Recuperação de 10 Kg de peças entre as quais uma câmara da sonda Surveyor 3 a 180m. Apollo Lunar Surface Experiment Package (ALSEP) com sismómetro, detector de íons, detector de poeiras, magnetómetro, espectrómetro e analisador de atmosfera. Alimentação por gerador termoeléctrico de plutónio 238 SNAP-27. Fim das transmissões do ALSEP a 30 de Setembro de 1977. ;Descolagem a 20 de Novembro às 14h 25mn. Permanência total sobre a Lua: 1d 7h 31mn. Amaragem a 24 de Novembro de 1969 às 20 h 58 Mn. Duração total da missão: 10d 4h. ;0;Formação invisível;9;Dois dias após o Quarto Crescente;Um dia após o Quarto Minguante;999;Invisível;Invisível
APOLLO 12 LEM;Equipamento inerte / Impacto voluntário;14-11-1969;Plataforma de ascensão do LEM da Apollo 12;(NASA/USA);Inexistente na época;Inexistente na época;Inexistente na época;Nenhuma personagem;;;;;;;;;;-21,2;21,2° Oeste;-3,94;3,94° Sul;Sul-Oeste;Região a Sudeste do Oceano das Tempestades;42;Não indicado;Não indicado;Não indicado;Não indicado;;??;0;0;0;0;0;0;Dados não disponíveis.;Dados não disponíveis.;Lançamento a 14/Novembro/1969 às 16h 22mn (TU) de Cabo Kennedy. Módulo Lunar (LM) Eagle;Andar superior do Módulo Lunar (LM) da missão Apollo 12 largado sobre o solo lunar para activar os sismógrafos deixados na superfície. Despenha-se perto da pequena cratera Fra Mauro B a 20 de Novembro de 1969 às 22h 17mn 17s.;Impacto a 1,68 km/s num ângulo de 3,7°. Energia libertada 3,36 x 10^16 ergs.;;0;Formação invisível;9;Dois dias após o Quarto Crescente;Um dia após o Quarto Minguante;999;Invisível;Invisível
APOLLO 13 S IV B;Equipamento inerte / Impacto voluntário;13-04-1970;Plataforma S IV B da Apollo 13;(NASA/USA);Inexistente na época;Inexistente na época;Inexistente na época;Nenhuma personagem;;;;;;;;;;-27,86;27,86° Oeste;-2,75;2,75° Sul;Sul-Oeste;Parte Sueste do Oceano das Tempestades;41;Não indicado;Não indicado;Não indicado;Não indicado;;??;0;0;0;0;0;0;Dados não disponíveis.;Dados não disponíveis.;Lançamento a 13/Abril/1970 de Cabo Kennedy.;Terceiro andar do foguete Saturno 5 da missão Apollo 13 (andar de inserção em órbita de transferência lunar) largado sobre o solo lunar para activar os sismógrados deixados na superfície. Despenha-se a 15 de Abril de 1970 na parte Leste de Oceanus Procellarum às 1h 9mn 41s.;Impacto a 2,58 km/s num ângulo de 76º. Energia libertada 4,63 x 10^17 ergs.;;0;Formação invisível;9;Dois dias após o Quarto Crescente;Um dia após o Quarto Minguante;999;Invisível;Invisível
LUNA 16;Sonda / Aterragem suave;12-09-1970;Luna 16 / Lunik 16 (Classe Ye-8-5);(URSS / MOM / Lavochkin);Inexistente na época;Inexistente na época;Inexistente na época;Nenhuma personagem;;;;;;;;;;56,4;56,4° Este;0,8;0,8° Norte;Norte-Este;Limbo Leste da Lua;38;Neper;229;Não indicado;Não indicado;;??;0;0;0;0;0;0;Dados não disponíveis.;Dados não disponíveis.;Lançamento a 12/Setembro/1970 às 13h 25mn (TU) de Baïkonour.;Sonda de 5700 Kg. Sonda de alunagem de 1.880 Kg. Alunagem suave no Mar Fecunditatis a 17 de Setembro de 1970 às 5h 18mn. Braço extensível. Perfura o solo até a 35 cm de profundidade. Permanência de 26h 25 Mn. ;Aterragem da cápsula de regresso a 24 de Setembro no Cazaquistão. Retorna sobre Terra com 101 g de rochas lunares. Andar de descida operacional durante várias semanas enviando dados de temperatura e de radiações.;;0;Formação invisível;3;Três dias após a Lua Nova;Dois dias após a Lua Cheia;999;Invisível;Invisível
LUNA 17;Sonda / Aterragem suave;10-11-1970;Luna 17 + Lunakhod 1 / Lunik 17 + Lunakhod 1 (Classe Ye-8) ;(URSS / MOM / Lavochkin);Inexistente na época;Inexistente na época;Inexistente na época;Nenhuma personagem;;;;;;;;;;-35,2;35,2° Oeste;38,2;38,2° Norte;Norte-Oeste;Parte Noroeste do Mar das Chuvas;10;Sinus Iridum;358;Não indicado;Não indicado;;??;0;0;0;0;0;0;Dados não disponíveis.;Dados não disponíveis.;Lançamento a 10/Novembro/1970 às 14h 44mn (TU) de Baïkonour.;Sonda de 5600 Kg com um módulo alunagem de 1814 Kg. Este comporta duas rampas para permitir a descida sobre a superfície do Lunakhod 1, veículo radiocomandado desde a Terra.;Alunagem suave no Mar Imbrium. Lunakhod 1 tem 2,2 m de comprimento, largura de 1,6 m e altura de 1,35 m com oito rodas com suspensão, motores e travões independentes. Massa de 756 Kg. Alimentação por painel solar. Aquecimento interno a Polónio 210. Velocidade de 1 a 2 km/h. Percorreu 10.542 m em 10 meses. Quatro câmaras entre as quais duas ester!
 eoscópicas. ;Análise das propriedades físico-mecânicas do solo lunar em mais de 500 lugares com um verificador de solo. Análise química do solo lunar em 25 pontos. Magnetómetro. Radiómetro. Envia mais de 20.000 fotografias entre as quais 210 panoramas. Fim da missão a 4 de Outubro de 1971.;0;Formação invisível;10;Três dias após o Quarto Crescente;Dois dias após o Quarto Minguante;999;Invisível;Invisível
APOLLO 14 BASE;Missão humana / Aterragem suave;31-01-1971;Base de alunagem da missão Apollo 14;(NASA/USA);Inexistente na época;Inexistente na época;Inexistente na época;Nenhuma personagem;;;;;;;;;;-17,4;17,4° Oeste;-3,6;3,6° Sul;Sul-Oeste;Região a Sudeste do Oceano das Tempestades;42;Fra Mauro;216;Não indicado;Não indicado;;??;0;0;0;0;0;0;Dados não disponíveis.;Dados não disponíveis.;Lançamento a 31/Janeiro/1971 às 21h 03mn (TU) de Cabo Kennedy. Montagem de 3,9m de diâmetro. Módulo de Comando Kitty Hawk (CM) 3,65 m de altura e 5,7 t.  Service Module (SM) de 7,6 m de comprimento e 23,5 t. Lunar  Module Antares (LM) de 6 m de altura, de 4,2 m de largura e de 15,3 t das quais 11 t de carburantes.;Alan B. SHEPARD (Comandante) Edgar D. MITCHELL (Piloto do LM) Stuart A. Roosa (Piloto do CSM). Alunagem a 5 de Fevereiro de 1971 às 9h 18mn 11s. LM inclinado a 8°. Primeiro passeio a 5 de Fevereiro das 14h 42mn às 19h 30mn (4h 48mn). Segundo passeio a 6 de Fevereiro das 8h 11mn às 12h !
 45mn (4h 34mn) até à cratera Cone. Distância total percorrida de 3,45 Km.;42,9 Kg de rochas trazidas. Shepard lançou duas bolas de golfe com um instrumento! Utilização do carrinho de mão lunar. Apollo Lunar Surface Experiment Package (ALSEP) com transmissor rádio, sismómetro passivo, sismómetro activo, detector de íons, detector de poeiras, magnetómetro, refletor laser. Alimentação por gerador termoeléctrico a plutónio 238 SNAP-27. Fim das transmissões do ALSEP a 30 de Setembro de 1977. ;Descolagem a 6 de Fevereiro às 18h 48mn. Permanência total sobre a Lua: 1d 9h 31mn. Amaragem a 9 de Fevereiro de 1971 às 21h 05mn. Duração total da missão: 9d 1h. ;0;Formação invisível;8;Um dia após o Quarto Crescente;No Quarto Minguante;999;Invisível;Invisível
APOLLO 14 LEM;Equipamento inerte / Impacto voluntário;31-01-1971;Plataforma de ascensão do LEM da Apollo 14;(NASA/USA);Inexistente na época;Inexistente na época;Inexistente na época;Nenhuma personagem;;;;;;;;;;-19,67;19,67° Oeste;-3,42;3,42° Sul;Sul-Oeste;Região a Sudeste do Oceano das Tempestades;42;Não indicado;Não indicado;Não indicado;Não indicado;;??;0;0;0;0;0;0;Dados não disponíveis.;Dados não disponíveis.;Lançamento a 31/Janeiro/1971 às 21h 03mn (TU) de Cabo Kennedy. Lunar  Module (LM) Antares.;Andar superior do Módulo Lunar (LM) da missão Apollo 14 precipitado sobre o solo lunar para activar os sismógrados deixados na superfície. Despenha-se a 7 de Fevereiro de 1971 no Mar Insularum às 0h 45mn 25s.;Impacto a 1,68 km/s num ângulo de 3,6°. Energia libertada 3,25 x 10^16 ergs.;;0;Formação invisível;9;Dois dias após o Quarto Crescente;Um dia após o Quarto Minguante;999;Invisível;Invisível
APOLLO 14 S IV B;Equipamento inerte / Impacto voluntário;31-01-1971;Plataforma S IV B da Apollo 14;(NASA/USA);Inexistente na época;Inexistente na época;Inexistente na época;Nenhuma personagem;;;;;;;;;;-26,02;26,02° Oeste;-8,09;8,09° Sul;Sul-Oeste;Região a Sudeste do Oceano das Tempestades;42;Não indicado;Não indicado;Não indicado;Não indicado;;??;0;0;0;0;0;0;Dados não disponíveis.;Dados não disponíveis.;Lançamento a 31/Janeiro/1971 de Cabo Kennedy.;Terceiro andar do foguete Saturno 5 da missão Apollo 14 (andar de inserção em órbita de transferência lunar) precipitado sobre o solo lunar para activar os sismógrafos deixados na superfície. Despenha-se a 4 de Fevereiro de 1971 no Mar Cognitum às 7h 40mn 25s.;Impacto à 2,54 km/s num ângulo de 69°. Energia libertada 4,52 x 10^17 ergs.;;0;Formação invisível;9;Dois dias após o Quarto Crescente;Um dia após o Quarto Minguante;999;Invisível;Invisível
APOLLO 15 BASE;Missão humana / Aterragem suave;26-07-1971;Base de alunagem da missão Apollo 15;(NASA/USA);Inexistente na época;Inexistente na época;Inexistente na época;Nenhuma personagem;;;;;;;;;;3,6;3,6° Este;26;26,0° Norte;Norte-Este;Sector dos Montes Apeninos;22;Conon;322;Não indicado;Não indicado;;??;0;0;0;0;0;0;Dados não disponíveis.;Dados não disponíveis.;Lançamento a 26/Julho/1971 de Cabo Kennedy às 13h 34mn (TU). Montagem de 3,9m de diâmetro. Módulo de Comando Endeavour (CM) 3,65 m de altura e 5,7 t.  Service Module (SM) de 7,6 m de comprimento e 23,5 t. Lunar  Module Falcon (LM) de 6 m de altura, de 4,2 m de largura e de 16,4 t das quais 12 t de carburantes.;David R. SCOTT (Comandante) James B. IRWIN (Piloto do LM) Alfred o Sr. WORDEN (Piloto do CSM). Alunagem a 30 de Julho de 1971 a 22h 16mn 29s. Primeiro passeio a 31 de Julho das 13h 13mn às 19h 45mn (6h 32mn). Primeira viagem em LRV a 1 Agosto das 11h 48mn às 19h 01mn (7h 13mn). Segunda viagem em LRV a 2 de Agos!
 to das 8h 52mn às 13h 42mn (4h 50mn) até Rama Hadley. Distância total percorrida de 27,9 Km até 5 Km do LM.;Primeira utilização do Lunar Roving Vehicle (LRV). Veículo a 4 rodas equipadas cada uma de um motor eléctrico. Pilotagem por manche. 76.8 Kg de rochas recolhidas. Scott mostrou que uma pluma e um martelo caem à mesma velocidade tendo em conta a ausência de atmosfera. Perfuração até 2.36 m de profundidade. Visita Rima Hadley. Apollo Lunar Surface Experiment Package (ALSEP) com transmissor rádio, sismómetro passivo, medidor de atmosfera, detector de íons, detector de poeiras, magnetómetro, medidor de fluxos térmicos, refletor laser. Alimentação por gerador termoeléctrico a plutónio 238 SNAP-27. Fim das transmissões do ALSEP a 30 de Setembro de 1977.;Permanência total sobre a Lua: 2d 18h 55mn. Descolagem a 2 de Agosto às 17h 11mn. Colocação em órbita de um satélite lunar a 3 de Agosto às 20h 13mn. Saída no espaço de Worden a 5 de Agosto de 38mn. Amaragem a 7 de Agosto de!
  1971 às 20h 45mn. Duração total da missão: 12d 7h 11mn. ;0;Formação i
nvisível;7;No Quarto Crescente;Seis dias após a Lua Cheia;999;Invisível;Invisível
APOLLO 15 LEM;Equipamento inerte / Impacto voluntário;26-07-1971;Plataforma de ascensão do LEM da Apollo 15;(NASA/USA);Inexistente na época;Inexistente na época;Inexistente na época;Nenhuma personagem;;;;;;;;;;0,25;0,25° Este;26,36;26,36° Norte;Norte-Este;Sector dos Montes Apeninos;22;Não indicado;Não indicado;Não indicado;Não indicado;;??;0;0;0;0;0;0;Dados não disponíveis.;Dados não disponíveis.;Lançamento a 26/Julho/1971 de Cabo Kennedy.;Andar superior do Módulo Lunar (LM) da missão Apollo 15 precipitado sobre o solo lunar para activar os sismógrafos deixados na superfície. Despenha-se a 3 de Agosto de 1971 em Palus Putredinis às 3h 3mn 37s.;Impacto a 1,7 km/s num ângulo de 3,2°. Energia libertada 3,4 x 10^16 ergs.;;0;Formação invisível;7;No Quarto Crescente;Seis dias após a Lua Cheia;999;Invisível;Invisível
APOLLO 15 S IV B;Equipamento inerte / Impacto voluntário;26-07-1971;Plataforma S IV B da Apollo 15;(NASA/USA);Inexistente na época;Inexistente na época;Inexistente na época;Nenhuma personagem;;;;;;;;;;-11,81;11,81° Oeste;-1,51;1,51° Sul;Sul-Oeste;Região a Oeste da cratera Ptolomeu;43;Não indicado;Não indicado;Não indicado;Não indicado;;??;0;0;0;0;0;0;Dados não disponíveis.;Dados não disponíveis.;Lançamento a 26/Julho/1971 de Cabo Kennedy.;Terceiro andar do foguete Saturno 5 da missão Apollo 15 (andar de inserção em órbita de transferência lunar) precipitado sobre o solo lunar para activar os sismógrafos deixados sobre a superfície. Despenha-se a 29 de Julho de 1971 perto da pequena cratera Turner B às 20h 58mn 43s.;Impacto a 2,58 km/s num ângulo de 62º. Energia libertada 4,61 x 10^17 ergs.;;0;Formação invisível;8;Um dia após o Quarto Crescente;No Quarto Minguante;999;Invisível;Invisível
LUNA 18;Sonda / Impacto involuntário;02-09-1971;Luna 18 / Lunik 18 (Classe Ye-8-5);(URSS / MOM / Lavochkin);Inexistente na época;Inexistente na época;Inexistente na época;Nenhuma personagem;;;;;;;;;;56,4;56,4° Este;3,4;3,4° Norte;Norte-Este;Limbo Leste da Lua;38;Neper;229;Não indicado;Não indicado;;??;0;0;0;0;0;0;Dados não disponíveis.;Dados não disponíveis.;Lançamento a 2/Setembro/1971 às 13h 40mn (TU) de Baïkonour.;Sonda de 5700 Kg. Mesmo classe que Luna 16. Comporta uma sonda de alunagem de 1.880 Kg com módulo de regresso com amostras de solo. Coloca-se em órbita em redor da Lua a 7 de Setembro. ;Realiza 54 órbitas lunares antes da tentativa de alunagem. Comunicações interrompidas aquando do contacto com o solo no Mar Fecunditatis a 11 de Setembro.;;0;Formação invisível;3;Três dias após a Lua Nova;Dois dias após a Lua Cheia;999;Invisível;Invisível
LUNA 20;Sonda / Aterragem suave;14-02-1972;Luna 20 / Lunik 20 (Classe Ye-8-5);(URSS / MOM / Lavochkin);Inexistente na época;Inexistente na época;Inexistente na época;Nenhuma personagem;;;;;;;;;;56,4;56,4° Este;3,4;3,4° Norte;Norte-Este;Limbo Leste da Lua;38;Neper;229;Não indicado;Não indicado;;??;0;0;0;0;0;0;Dados não disponíveis.;Dados não disponíveis.;Lançamento a 14/Fevereiro/1972 às 3h 27mn (TU) de Baïkonour.; Sonda de 5700 Kg. Mesmo classe que Luna 16. Comporta uma sonda de alunagem de 1.880 Kg com módulo de regresso com amostras de solo. Coloca-se em órbita em redor da Lua a 18 de Fevereiro. ;Alunagem suave a 21 de Fevereiro no Mar Fecunditatis a 120 Km do impacto de Luna 18. Fotografias panorâmicas. Braço extensível. Redescolagem da superfície lunar a 22 de Fevereiro. Regresso à Terra com 30 g de rochas lunares a 25 de Fevereiro.;;0;Formação invisível;3;Três dias após a Lua Nova;Dois dias após a Lua Cheia;999;Invisível;Invisível
APOLLO 16 BASE;Missão humana / Aterragem suave;16-04-1972;Base de alunagem da missão Apollo 16;(NASA/USA);Inexistente na época;Inexistente na época;Inexistente na época;Nenhuma personagem;;;;;;;;;;15,6;15,6 ° Este;-9;9,0° Sul;Sul-Este;Região a Leste da cratera Ptolomeu;45;Andel;0;Não indicado;Não indicado;;??;0;0;0;0;0;0;Dados não disponíveis.;Dados não disponíveis.;Lançamento a 16/Abril/1972 de Cabo Kennedy às 17h 54 mn (TU). Montagem de 3,9m de diâmetro. Módulo de Comando Casper (CM) 3,65 m de altura e 5,7 t.  Service Module (SM) de 7,6 m de comprimento e 23,5 t. Lunar  Module Orion (LM) de 6 m de altura, de 4,2 m de largura e de 16,4 t das quais 12 t de carburantes.;John W. YOUNG (Comandante) Charles o Sr. DUKE (Piloto do LM) Thomas K. MATTINGLY (Piloto do CSM). Alunagem a 21 de Abril de 1972 às 2h 23mn 35s. Primeiro passeio a 21 de Abril das 16h 47 às 23h 58mn (7h 11mn). Primeira viagem em LRV a 22 de Abril das 16h 33 às 23h 56mn (7h 23mn). Segunda viagem em LRV a 23 de !
 Abril das 15h 25mn às 21h 05mn (5h 40mn) até à cratera North Ray. Distância total percorrida 27 Km.;Utilização do Lunar Roving Vehicle (LRV). Veículo a 4 rodas equipadas cada uma com um motor eléctrico. Pilotagem por manche. 94,7 Kg de rochas recolhidas. Perfuração de 3m de profundidade. Apollo Lunar Surface Experiment Package (ALSEP) com transmissor rádio, sismómetro passivo, sismómetro activo, magnetómetro, medidor de fluxos térmicos, refletor laser. Alimentação por gerador termoeléctrico a plutónio 238 SNAP-27. Fim das transmissões do ALSEP a 30 de Setembro de 1977.;Permanência total sobre a Lua: 2d 23h 2mn. Descolagem a 24 de Abril às 1h 25mn. Colocação em órbita de um satélite lunar a 24 de Abril às 21h 56mn. Saída no espaço de Mattingly a 25 de Abril de 1h 24mn. Amaragem a 27 de Abril de 1972 às 19h 45mn. Duração total da missão: 11d 21h 51mn. ;0;Formação invisível;7;No Quarto Crescente;Seis dias após a Lua Cheia;999;Invisível;Invisível
APOLLO 16 S IV B;Equipamento inerte / Impacto voluntário;16-04-1972;Plataforma S IV B da Apollo 16;(NASA/USA);Inexistente na época;Inexistente na época;Inexistente na época;Nenhuma personagem;;;;;;;;;;-23,8;23,8° Oeste;1,3;1,3° Norte;Norte-Oeste;Área na cratera Copérnico;31;Não indicado;Não indicado;Não indicado;Não indicado;;??;0;0;0;0;0;0;Dados não disponíveis.;Dados não disponíveis.;Lançamento a 16/Abril/1972 de Cabo Kennedy.;Terceiro andar do foguete Saturno 5 da missão Apollo 16 (andar de inserção em órbita de transferência lunar) precipitado sobre o solo lunar para activar os sismógrafos deixados na superfície. Despenha-se a 19 de Abril de 1972 no Mar Insularum entre Rheinhold e Lansberg às 21h 02mn 04s.;Impacto a 2,5 km/s num ângulo de 79º. Energia libertada 4,59 x 10^17 ergs.;;0;Formação invisível;9;Dois dias após o Quarto Crescente;Um dia após o Quarto Minguante;999;Invisível;Invisível
APOLLO 17 BASE;Missão humana / Aterragem suave;07-12-1972;Base de alunagem da missão Apollo 17;(NASA/USA);Inexistente na época;Inexistente na época;Inexistente na época;Nenhuma personagem;;;;;;;;;;30,8;30,8° Este;20,1;20,1° Norte;Norte-Este;Região a Norte do Mar da Tranquilidade;25;Römer;310;Não indicado;Não indicado;;??;0;0;0;0;0;0;Dados não disponíveis.;Dados não disponíveis.;Lançamento a 7/Dezembro/1972 de Cabo Kennedy às 5h 33mn (TU). Montagem de 3,9m de diâmetro. Módulo de Comando America (CM) 3,65 m de altura e 5,7 t.  Service Module (SM) de 7,6 m de comprimento e 23,5 t. Lunar  Module Challenger (LM) de 6 m de altura, de 4,2 m de largura e de 16,4 t das quais 12 t de carburantes.; Eugene A. CERNAN (Comandante) Harrison H. SCHMIDT (Geólogo e piloto do LM) Ronald E. EVANS (Piloto do CSM). De 7 a 19 de Dezembro de 1972. Cápsula América. LM Challenger. Alunagem a 11 de Dezembro de 1972 às 19h 54mn 57s. Primeira viagem em LRV a 11 Dezembro das 23h 54mn às 7h 07mn (7h 13mn)!
 . Segunda viagem a 12 de Dezembro das 23h 28mn às 7h 05mn (7h 37mn). Terceira viagem a 13 de Dezembro das 22h 26mn às 5h 41mn (7h 15mn) Distância total percorrida de 30 Km.;Utilização do Lunar Roving Vehicle (LRV). Veículo a 4 rodas equipadas cada uma com um motor eléctrico. Pilotagem por manche. 110,5 Kg de rochas recolhidos. Perfuração de 2.5 m. Apollo Lunar Surface Experiment Package (ALSEP) com transmissor rádio, sismómetro activo, cartuchos explosivos, gravímetro, medidor de fluxos térmico, medidor de atmosfera, detector de íons, detector de poeiras, refletor laser. Alimentação por gerador termoeléctrico a plutónio 238 SNAP-27. Fim das transmissões do ALSEP a 30 de Setembro de 1977.;Permanência total sobre a Lua: 3d 03h 01mn. Descolagem a 14 de Dezembro às 22h 54mn. Saída no espaço de Evans a 17 de Dezembro de 1h 07mn. Amaragem a 19 de Dezembro de 1972 às 19h 24mn. Duração total da missão: 12d 13h 52mn;0;Formação invisível;5;Cinco dia após a Lua Nova;Quatro dia após a !
 Lua Cheia;999;Invisível;Invisível
APOLLO 17 S IV B;Equipamento inerte / Impacto voluntário;07-12-1972;Plataforma S IV B da Apollo 16;(NASA/USA);Inexistente na época;Inexistente na época;Inexistente na época;Nenhuma personagem;;;;;;;;;;-12,31;12,31° Oeste;-4,21;4,21° Sul;Sul-Oeste;Região a Oeste da cratera Ptolomeu;43;Não indicado;Não indicado;Não indicado;Não indicado;;??;0;0;0;0;0;0;Dados não disponíveis.;Dados não disponíveis.;Lançamento a 7/Dezembro/1972 de Cabo Kennedy.;Terceiro andar do foguete Saturno 5 da missão Apollo 17 (andar de inserção em órbita de transferência lunar) precipitado sobre o solo lunar para activar os sismógrafos deixados na superfície. Despenha-se a 10 de Dezembro de 1972 perto da pequena cratera Turner M às 20h 32mn 42s.;Impacto a 2,55 km/s num ângulo de 55°. Energia libertada 4,71 x 10^17 ergs.;;0;Formação invisível;8;Um dia após o Quarto Crescente;No Quarto Minguante;999;Invisível;Invisível
APOLLO 17 LEM;Equipamento inerte / Impacto voluntário;15-12-1972;Plataforma de ascensão do LEM da Apollo 17;(NASA/USA);Inexistente na época;Inexistente na época;Inexistente na época;Nenhuma personagem;;;;;;;;;;30,5;30,5° Este;19,96;19,96° Norte;Norte-Este;Região a Norte do Mar da Tranquilidade;25;Não indicado;Não indicado;Não indicado;Não indicado;;??;0;0;0;0;0;0;Dados não disponíveis.;Dados não disponíveis.;Lançamento a 15/Dezembro/1972 de Cabo Kennedy.;Andar superior do Módulo Lunar (LM) da missão Apollo 17 precipitado sobre o solo lunar para activar os sismógrados deixados na superfície. Despenha-se a 15 de Dezembro de 1972 perto da pequena cratera Ching-te às 6h 50mn 20s.;Impacto a 1,67 km/s num ângulo de 4,9°. Energia libertada 3,15 x 10^16 ergs.;;0;Formação invisível;4;Quatro dias após a Lua Nova;Três dias após a Lua Cheia;999;Invisível;Invisível
LUNA 21;Sonda / Aterragem suave;08-01-1973;Luna 21 + Lunakhod 2 / Lunik 21 + Lunakhod 2 (Classe Ye-8) ;(URSS / MOM / Lavochkin);Inexistente na época;Inexistente na época;Inexistente na época;Nenhuma personagem;;;;;;;;;;30,3;30,3° Este;25,9;25,9° Norte;Norte-Este;Região a Norte do Mar da Tranquilidade;25;Römer;312;Não indicado;Não indicado;;??;0;0;0;0;0;0;Dados não disponíveis.;Dados não disponíveis.;Lançamento a 8/Janeiro/1973 às 6h 55mn (TU) de Baïkonour.;Sonda de 4850 Kg com um módulo de alunagem de 1814 Kg. Este comporta duas rampas para permitir a descida sobre a superfície de Lunakhod 2, veículo radiocomandado desde a Terra.;Alunagem suave a 15 de Janeiro de 1973 na cratera Le Monnier. Exploração telecomandada desde a Terra pelo veículo Lunakhod 2. Lunakhod 2 tem comprimento de 2,2 m, largura de 1,6 m e altura de 1,35 m com oito rodas com suspensão, motores e travões independentes. Massa de 840 Kg. Alimentação por painel solar. Aquecimento interno a Polónio 210. Velocid!
 ade de 1 a 2 km/h. Quatro câmaras entre as quais duas estereoscópicas. ;Análise das propriedades físico-mecânicas do solo lunar em mais de 1000 lugares com um verificador de solo. Análise química do solo lunar em 25 pontos. Magnetómetro. Radiómetro. Percorreu 37 Km em dez meses e meio. Enviou mais de 80.000 fotografias entre as quais 86 panorâmicas lunares. Fim da missão a 4 de Junho.;0;Formação invisível;3;Três dias após a Lua Nova;Dois dias após a Lua Cheia;999;Invisível;Invisível
LUNA 23;Sonda / Aterragem suave;28-10-1974;Luna 23 / Lunik 23;(URSS);Inexistente na época;Inexistente na época;Inexistente na época;Nenhuma personagem;;;;;;;;;;62,18;62,18° Este;12,41;12,41° Norte;Norte-Este;Limbo Leste da Lua;38;Não indicado;;Não indicado;Não indicado;;??;0;0;0;0;0;0;Dados não disponíveis.;Dados não disponíveis.;Lançamento a 28/Outubro/1974 às 14h 30mn (TU) de Baïkonour.;Alunagem difícil no Mar Crisium. Módulo danificado. Transmite durante três dias. Não chega a redescolar.;;;0;Formação invisível;3;Três dias após a Lua Nova;Dois dias após a Lua Cheia;999;Invisível;Invisível
LUNA 24;Sonda / Aterragem suave;09-08-1976;Luna 24 / Lunik 24;(URSS);Inexistente na época;Inexistente na época;Inexistente na época;Nenhuma personagem;;;;;;;;;;62,12;62,12° Este;12,45;12,45° Norte;Norte-Este;Limbo Leste da Lua;38;Neper;;Não indicado;Não indicado;;??;0;0;0;0;0;0;Dados não disponíveis.;Dados não disponíveis.;Lançamento a 9/Agosto/1976 às 15h 04mn (TU) de Baïkonour.;Sonda de 4.800 Kg comportando um módulo de alunagem. Alunagem suave no Mar Crisium. Perfuração do solo até 2 metros de profundidade. Regresso à Terra da cápsula com 170 g de solo lunar a 22 de Agosto na Sibéria Ocidental.;;;0;Formação invisível;3;Três dias após a Lua Nova;Dois dias após a Lua Cheia;999;Invisível;Invisível
HITEN;Sonda / Impacto voluntário;24-01-1990;Hiten / Hagoromo (Ex Muses A);(ISAS / Japon);Inexistente na época;Inexistente na época;Inexistente na época;Anjo budista;Japão;Japonês;;;;;;;;55,3;55,3° Este;-34;34,0° Sul;Sul-Este;Limbo Sueste da Lua;69;Furnerius;;Não indicado;Não indicado;;??;0;0;0;0;0;0;Dados não disponíveis.;Dados não disponíveis.;Lançamento a 24/Janeiro/1990 às 11h 46mn (TU) de Kagoshima.;Sonda cilíndrica de 1,4 m de diâmetro e 0,8 m de altura, pesando 197 Kg dos quais 42 Kg de hidrazina. Leva um mini-satélite lunar chamado Hagoromo de forma poliédrica de 26 faces pesando 12 Kg. Colocado sobre órbita terrestre elíptica. Passa por trás da Lua a primeira vez a 18 de Março de 1990, seguindo-se 10 outras vezes. Testa pela primeira vez o aerobreaking a 125 Km de altitude na atmosfera terrestre a 19 de Março de 1991. Aproxima-se até 16,5 Km da superfície lunar.;Afasta-se gradualmente para alcançar os pontos de Lagrange da órbita lunar sem detectar partículas captura!
 das. Atinge a órbita lunar definitiva por travagem no último sobrevoo a 15 de Fevereiro de 1993. Largada para a superfície a 10 de Abril de 1993. Despenha-se às 18h 03mn 26s perto da cratera Stevinus.;Hagoromo posto em órbita lunar a 18 de Março de 1990, apesar de uma avaria no seu emissor desde 21 de Fevereiro de 1990.;0;Formação invisível;3;Três dias após a Lua Nova;Dois dias após a Lua Cheia;999;Invisível;Invisível
LUNAR PROSPECTOR;Sonda / Impacto voluntário;07-01-1998;Lunar Prospector;(NASA/USA);Inexistente na época;Inexistente na época;Inexistente na época;Nenhuma personagem;;;;;;;;;;42;42,0° Este;-87,7;87,7° Sul;Sul-Este;Limbo Sul da Lua;74;Manzinus;42;Não indicado;Não indicado;;??;0;0;0;0;0;0;Dados não disponíveis.;Dados não disponíveis.;Lançamento a 7/Janeiro/1998 às 2h 28mn (TU) de Cabo Kennedy.;Sonda de 285 Kg. Transporta as cinzas de Eugène Shoemaker, astrónomo do programa Apollo. Coloca-se em órbita polar em redor da Lua a 13 de Janeiro de 1998. Primeiro a 100 Km de altitude, baixado a 10 Km após 6 meses. Cartografia completa da Lua em diversos domínios. A 5 de Março confirma a presença de água no fundo escuro das crateras polares. ;Largada sobre a Lua a 31 de Julho de 1999. Despenha-se às 9h 52mn perto da cratera Scott. Impacto observado nomeadamente pelos telescópios Hubble e Keck. Nenhuma projecção ou emissão de vapor de água registada.;;0;Formação invisível;4;Quatro dias a!
 pós a Lua Nova;Três dias após a Lua Cheia;999;Invisível;Invisível

