NAME;TYPE;PERIOD;NAMEDETAIL;NAMEORIGIN;LANGRENUS;HEVELIUS;RICCIOLI;WORK;COUNTRY;NATIONLITY;CENTURYN;CENTURYC;BIRTHPLACE;BIRTHDATE;DEATHPLACE;DEATHDATE;FACTS;LONGIN;LONGIC;LATIN;LATIC;QUADRANT;AREA;RUKL;RUKLC;VISCARDY;HATFIELD;WESTFALL;WOOD;LOPAM;LENGTHKM;WIDEKM;LENGHTMI;WIDEMI;HEIGHTM;HEIGHTFE;RAPPORT;PROFIL;GENERAL;SLOPES;WALLS;FLOOR;INTERESTN;INTERESTC;LUNATION;MOONDAYS;MOONDAYM;DIAMINST;THINSTRU;PRINSTRU
LUNA 2;Sonde / Impact volontaire;12-sept-59;Luna 2 / Lunik 2 (Classe E-1A);(URSS / Korolev);Inexistant à l'époque;Inexistant à l'époque;Inexistant à l'époque;Pas de personnage;;;;;;;;;;-0,1;0,1° Ouest;30,1;30,1° Nord;Nord-Ouest;Région au Nord du cratère Archimède;12;Aristillus;333;Non indiqué;Non indiqué;;??;0;0;0;0;0;0;Donnée non représentative.;Donnée non représentative.;Lancement le 12 septembre 1959 à 22h 02mn (TU) de Baïkonour.;Sonde d'un diamètre de 1,20 m et d'une masse de 390,2 kg. Capsule sans instrument. Lache un nuage de sodium dans l'espace pour aider son repérage. Confirme l'absence de champ magnétique et de ceintures de radiations autour de la Lune. ;"Percute la Lune à 3,3 km/s  avec une inclinaison de 60°. Contact le 13 septembre à 21 h 2 mn 24 s dans Palus Putredinis. Premier objet humain à atteindre un autre astre. 2 capsules de 9 et 15 cm brisées à l'impact en pentagones avec ""URSS, septembre 1959"" inscrit dessus. ";30 minutes plus tard, le dernier étage de la fusée porteuse percute aussi la Lune. Les coordonnées de ce second impact sont inconnues.;0;Formation invisible;7;Au Premier Quartier;Six jours après la Pleine Lune;999;Invisible;Invisible
RANGER 4;Sonde / Impact non volontaire;23-avr-62;Ranger 4 (Classe Block 2);(NASA/USA);Inexistant à l'époque;Inexistant à l'époque;Inexistant à l'époque;Pas de personnage;;;;;;;;;;-130,7;130,7° Ouest;-15,5;15,5° Sud;Sud-Ouest;Non définie;Pas de carte;;;Non indiqué;Non indiqué;;??;0;0;0;0;0;0;Donnée non représentative.;Donnée non représentative.;Lancement le 23 avril 1962 à 20h 50mn (TU) de Cap Kennedy.;Sonde de 3,60 m de haut. Masse de 306 kg dont 6 caméras dont 4 à haute définition. 2 panneaux solaires de 5,20 m d'envergure et une rétrofusée de 14O kg. Comporte une capsule scientifique avec rétrofusée pour l'alunissage en douceur d'une capsule en balsa de 65cm de diamètre. ;Mauvais fonctionnement de l'ordinateur de bord. Ne tranmet aucune image.S'écrase sur la Lune sur la face cachée le 26 avril 1962 à 12h 49mn 53s avec une vitesse de 9600 km/h. ;;0;Formation invisible;99;Invisible;Invisible;999;Invisible;Invisible
RANGER 6;Sonde / Impact volontaire;30-janv-64;Ranger 6 (Classe Block 3);(NASA/USA);Inexistant à l'époque;Inexistant à l'époque;Inexistant à l'époque;Pas de personnage;;;;;;;;;;21,5;21,5° Est;9,3;9,3° Nord;Nord-Est;Partie Est de la Mer de la Tranquillité;35;Arago;279;Non indiqué;Non indiqué;;??;0;0;0;0;0;0;Donnée non représentative.;Donnée non représentative.;Lancement le 30 janvier 1964 à 15h 49mn (TU) de Cap Kennedy.;Sonde de 3,60 m de haut. Masse de 306 kg dont 6 caméras dont 4 à haute définition. 2 panneaux solaires de 4,60 m d'envergure. ;S'écrase sur la Lune le 2 février 1964 dans Mare Tranquillitatis, près du cratère Arago à 32 km du point prévu. Caméra de télévision en panne avant l'impact.;;0;Formation invisible;5;Cinq jour après la Nouvelle Lune;Quatre jour après la Pleine Lune;999;Invisible;Invisible
RANGER 7;Sonde / Impact volontaire;28-juil-64;Ranger 7 (Classe Block 3);(NASA/USA);Inexistant à l'époque;Inexistant à l'époque;Inexistant à l'époque;Pas de personnage;;;;;;;;;;-20,66;20,66° Ouest;-10,35;10,35° Sud;Sud-Ouest;Région au Sud-Est de l'Océan des Tempêtes;42;Fra Mauro;216;Non indiqué;Non indiqué;;??;0;0;0;0;0;0;Donnée non représentative.;Donnée non représentative.;Lancement le 28 juillet 1964 à 16h 50 mn (TU) de Cap Kennedy.;Sonde de 3,60 m de haut. Masse de 306 kg. 2 caméras grand angle (25 °) et 4 à haute définition (de 8,4 ° à 2,1 °). 2 panneaux solaires de 4,6 m d'envergure assurant 200 W. Senseur terrestre optique et antenne de transmission à grand gain. 2 réseaux internes d'alimentation pour une meilleure fiabilité. Enregistrement sur bande magnétique et sur film après photographie d'un écran de bord. ;Vol de 68 h. Orbite hyperbolique depuis la Terre inclinée à 26,8 °. 4308 photographies transmises de 13 h 08 (2110 km d'altitude) à 13 h 25 le 31 juillet. Dernière photo prise à 519 m d'altitude avec une résolution de 50 cm sur la dernière. S'écrase dans Mare Cognitum à 16 km de l'endroit prévu. Vitesse d'impact de 2,62 km/s.;;0;Formation invisible;9;Deux jours après le Premier Quartier;Un jour après le Dernier Quartier;999;Invisible;Invisible
RANGER 8;Sonde / Impact volontaire;17-févr-65;Ranger 8 (Classe Block 3);(NASA/USA);Inexistant à l'époque;Inexistant à l'époque;Inexistant à l'époque;Pas de personnage;;;;;;;;;;24,65;24,65° Est;2,67;2,67° Nord;Nord-Est;Partie Est de la Mer de la Tranquillité;35;Arago;276;Non indiqué;Non indiqué;;??;0;0;0;0;0;0;Donnée non représentative.;Donnée non représentative.;Lancement le 17 février 1965 à 17h 05mn (TU) de Cap Kennedy.;Sonde de 3,60 m de haut. Masse de 306 kg. 2 caméras grand angle (25 °) et 4 à haute définition (de 8,4 ° à 2,1 °). 2 panneaux solaires de 4,6 m d'envergure assurant 200 W. Senseur terrestre optique et antenne de transmission à grand gain. 2 réseaux internes d'alimentation pour une meilleure fiabilité. Enregistrement sur bande magnétique et sur film après photographie d'un écran de bord. ;Perte d'alimentation pendant le vol puis retour à la normale. 7137 photographies dont 540 à haute résolution transmises de 9 h 34 (2510 km d'altitude) à 9 h 57mn 36s. Résolution de 1,5 m sur la dernière. Impact calculé avec un angle de 42° pour permettre des vues panoramiques. S'écrase dans Mare Tranquillitatis le 20 février 1965 à 70 km du futur site d'Apollo 11 avec une vitesse de 2,68 km/h.;;0;Formation invisible;5;Cinq jour après la Nouvelle Lune;Quatre jour après la Pleine Lune;999;Invisible;Invisible
RANGER 9;Sonde / Impact volontaire;21-mars-65;Ranger 9 (Classe Block 3);(NASA/USA);Inexistant à l'époque;Inexistant à l'époque;Inexistant à l'époque;Pas de personnage;;;;;;;;;;-2,37;2,37° Ouest;-12,83;12,83° Sud;Sud-Ouest;Secteur du cratère Ptolémée;44;Ptolemaeus;;Non indiqué;Non indiqué;;??;0;0;0;0;0;0;Donnée non représentative.;Donnée non représentative.;Lancement le 21 mars 1965 à 21h 37mn (TU) de Cap Kennedy.;Sonde de 3,60 m de haut. Masse de 306 kg. 2 caméras grand angle (25 °) et 4 à haute définition (de 8,4 ° à 2,1 °). 2 panneaux solaires de 4,6 m d'envergure assurant 200 W. Senseur terrestre optique et antenne de transmission à grand gain. 2 réseaux internes d'alimentation pour une meilleure fiabilité. Enregistrement sur bande magnétique et sur film après photographie d'un écran de bord. ;5 814 photos prises entre 13 h 49 (2363 km d'altitude) et 14 h 08mn 20s. Résolution de 30 cm sur la dernière. S'écrase dans le cratère Alphonsus à 4,9 km du point prévu le 24 mars 1965 avec une vitesse de 2,67 km/s.;;0;Formation invisible;7;Au Premier Quartier;Six jours après la Pleine Lune;999;Invisible;Invisible
LUNA 5;Sonde / Impact non volontaire;09-mai-65;Luna 5 / Lunik 5 (Lunik classe E-6);(URSS  / RSVN / Korolev);Inexistant à l'époque;Inexistant à l'époque;Inexistant à l'époque;Pas de personnage;;;;;;;;;;-25,1;25,1° Ouest;-1,6;1,6° Sud;Sud-Ouest;Région au Sud-Est de l'Océan des Tempêtes;42;Fra Mauro;252;Non indiqué;Non indiqué;;??;0;0;0;0;0;0;Donnée non représentative.;Donnée non représentative.;Lancement le 9 mai 1965 à 7h 55mn (TU) de Baïkonour.;Sonde de 1474 kg. Même classe que Luna 9. Comporte un module d'alunissage en douceur de 84 kg. Tentative avortée par panne de la rétrofusée à 84 km d'altitude. S'écrase sur la Lune le 9 mai 1965 sur le bord Sud de Mare Nubium.;;;0;Formation invisible;9;Deux jours après le Premier Quartier;Un jour après le Dernier Quartier;999;Invisible;Invisible
LUNA 7;Sonde / Impact non volontaire;03-oct-65;Luna 7 / Lunik 7 (Lunik classe E-6);(URSS  / RSVN / Korolev);Inexistant à l'époque;Inexistant à l'époque;Inexistant à l'époque;Pas de personnage;;;;;;;;;;-40;40,0° Ouest ?;9;9,0° Nord ?;Nord-Ouest;Partie Est de l'Océan des Tempêtes;30;Non indiqué;;Non indiqué;Non indiqué;;??;0;0;0;0;0;0;Donnée non représentative.;Donnée non représentative.;Lancement le 3 octobre 1965 de Baïkonour.;Sonde de 1474 kg. Même classe que Luna 9. Comporte un module d'alunissage en douceur de 84 kg. Tentative avortée par panne de rétrofusées. S'écrase sur la Lune le 8 octobre 1965 dans Oceanus Procellarum à 40 km au Sud Est du cratère Marius.;;;0;Formation invisible;11;Quatre jours après le Premier Quartier;Trois jours après le Dernier Quartier;999;Invisible;Invisible
LUNA 8;Sonde / Impact non volontaire;03-déc-65;Luna 8 / Lunik 8 (Lunik classe E-6);(URSS  / RSVN / Korolev);Inexistant à l'époque;Inexistant à l'époque;Inexistant à l'époque;Pas de personnage;;;;;;;;;;-63,1;63,1° Ouest;9,1;9,1° Nord;Nord-Ouest;Limbe Ouest de la Lune;28;Galilei;261;Non indiqué;Non indiqué;;??;0;0;0;0;0;0;Donnée non représentative.;Donnée non représentative.;Lancement le 3 décembre 1965 à 10h 48mn (TU) de Baïkonour.;Sonde de 1552 kg. Même classe que Luna 9. Comporte un module d'alunissage en douceur de 84 kg. Se pose sans doute en douceur sur la Lune le 7 décembre 1965 dans Oceanus Procellarum à 40 km au Sud du cratère Galilei. Contact perdu juste avant l'alunissage.;;;0;Formation invisible;12;Cinq jours après le Premier Quartier;Quatre jours après le Dernier Quartier;999;Invisible;Invisible
LUNA 9;Sonde / Atterrissage en douceur;31-janv-66;Luna 9 / Lunik 9 (Lunik classe E-6);(URSS  / RSVN / Korolev);Inexistant à l'époque;Inexistant à l'époque;Inexistant à l'époque;Pas de personnage;;;;;;;;;;-64,3;64,3° Ouest;7,1;7,1° Nord;Nord-Ouest;Limbe Ouest de la Lune;28;Galilei;261;Non indiqué;Non indiqué;;??;0;0;0;0;0;0;Donnée non représentative.;Donnée non représentative.;Lancement le 31 janvier 1966 à 11 h 45 de Baïkonour.;Sonde de 1 580 kg. Voyage de 3,5 j. Séquence de freinage par rétrofusée à 75 km d'altitude pendant 46 s. Sonde lunaire contenue dans un ballon gonflé libéré à quelques mètres d'altitude. Premier alunissage en douceur dans Oceanus Procellarum le 3 février à 18 h 45. ;Sonde en forme d'oeuf posée de 82 kg avec instruments et caméras. 4 panneaux solaires en pétales ouverts après l'alunissage. Conteneur scellé avec chauffage interne, batteries et programmateur. Caméra TV fixe avec miroir orientable. 3 séries totalisant 27 photos en 3 jours formant le premier panorama lunaire. ;Apporte la preuve que le sol de la Lune est dur. Photos stéréo suite à un mouvement de la sonde à cause d'un tassement de terrain. Données sur les radiations. Contact perdu le 7 février suite à l'épuisement des batteries.;0;Formation invisible;12;Cinq jours après le Premier Quartier;Quatre jours après le Dernier Quartier;999;Invisible;Invisible
SURVEYOR 1;Sonde / Atterrissage en douceur;30-mai-66;Surveyor 1;(NASA/USA);Inexistant à l'époque;Inexistant à l'époque;Inexistant à l'époque;Pas de personnage;;;;;;;;;;-43,2;43,2° Ouest;-2,5;2,5° Sud;Sud-Ouest;Partie Sud-Ouest de l'Océan des Tempêtes;40;Flamsteed;221;Non indiqué;Non indiqué;;??;0;0;0;0;0;0;Donnée non représentative.;Donnée non représentative.;Lancement le 30 mai 1966 à 14h 41mn (TU) de Cap Kennedy.;Sonde comportant 330 kg de matériel et 537 kg de combustibles azotés. 1 rétrofusée coupée à 97 km et trois moteurs de descente coupé à 5 m du sol. 1 caméra de télévision en couleurs 3 pieds à 120 ° d'une largeur de 4,2 m. Un mât de 3 m de haut avec un panneau solaire et une antenne à grand gain.;Alunissage en douceur le 2 juin 1966. Dans Oceanus Procellarum à 50 km au Nord du cratère Flamsteed. Transmet 11 237 photos. Confirme que le sol de la Lune est dur car il ne s'enfonce que de 10 cm. Reste opérationnel jusqu'en octobre 1966. Sera réactivé en janvier 1967;;0;Formation invisible;11;Quatre jours après le Premier Quartier;Trois jours après le Dernier Quartier;999;Invisible;Invisible
LUNAR ORBITER 1;Sonde / Impact non volontaire;10-août-66;Lunar Orbiter 1;(NASA/USA);Inexistant à l'époque;Inexistant à l'époque;Inexistant à l'époque;Pas de personnage;;;;;;;;;;-160,72;160,72° Ouest ?;6,35;6,35° Nord ?;Nord-Ouest;Non définie;Pas de carte;;Non indiqué;Non indiqué;Non indiqué;;??;0;0;0;0;0;0;Donnée non représentative.;Donnée non représentative.;Lancement le 10 août 1966 à 19h 26mn (TU) de Cap Kennedy.;Orbiteur lunaire destiné à photographier les sites potentiels d'alunissage humain. Hauteur 1,65 m. Diamètre de 1,5 m. Quatre panneaux solaires de 3,72 m d'envergure. ;S'approcha jusqu'à 40,5 km du sol lunaire. 42 photos à haute résolution et 187 à moyenne résolution prises du 18 au 29 août et retransmises à partir du 14 septembre.S'écrase le 29 octobre 1966 lors de sa 577 ème orbite. ;Premières photos de la Terre prises depuis la Lune. Forme de poire de la Lune détectée. Pas d'impact de micrométéorites sur la sonde.;0;Formation invisible;;;;999;Invisible;Invisible
SURVEYOR 2;Sonde / Impact non volontaire;20-sept-66;Surveyor 2;(NASA/USA);Inexistant à l'époque;Inexistant à l'époque;Inexistant à l'époque;Pas de personnage;;;;;;;;;;-11;11,0° Ouest;3,9;3,9° Nord;Nord-Ouest;Région au Sud du cratère Erathostène;32;Stadius;247;Non indiqué;Non indiqué;;??;0;0;0;0;0;0;Donnée non représentative.;Donnée non représentative.;Lancement le 20 septembre 1966 à 12h 32mn (TU) de Cap Kennedy.;Sonde comportant 330 kg de matériel et 537 kg de combustibles azotés. 1 rétrofusée coupée à 97 km et trois moteurs de descente coupé à 5 m du sol. 1 caméra de télévision en couleurs. 3 pieds à 120 ° d'une largeur de 4,2 m. Un mât de 3 m de haut avec un panneau solaire et une antenne à grand gain.;Panne d'un moteur de descente. S'écrase sur la Lune le 22 septembre 1966 au Sud du cratère Copernicus.;;0;Formation invisible;8;Un jour après le Premier Quartier;Au Dernier Quartier;999;Invisible;Invisible
LUNAR ORBITER 2;Sonde / Impact non volontaire;06-nov-66;Lunar Orbiter 2;(NASA/USA);Inexistant à l'époque;Inexistant à l'époque;Inexistant à l'époque;Pas de personnage;;;;;;;;;;-119,1;119,1° Ouest ?;2,9;2,9° Nord ?;Nord-Ouest;Non définie;Pas de carte;Non indiqué;Non indiqué;Non indiqué;Non indiqué;;??;0;0;0;0;0;0;Donnée non représentative.;Donnée non représentative.;Lancement le 6 novembre 1966 à 23h 21mn (TU) de Cap Kennedy.;Orbiteur lunaire destiné à photographier les sites potentiels d'alunissage humain. Hauteur 1,65 m. Diamètre de 1,5 m. Quatre panneaux solaires de 3,72 m d'envergure. ;S'approcha jusqu'à 49,7 km du sol lunaire. 609 photos à haute résolution (jusqu'à 1 m) et 208 à moyenne résolution prises du 18 au 25 novembre et retransmises à partir du 7 décembre.S'écrase le 11 octobre 1967. ;Obtient une spectaculaire photo oblique du cratère Copernicus.;0;Formation invisible;;;;999;Invisible;Invisible
LUNA 13;Sonde / Atterrissage en douceur;21-déc-66;Luna 13 / Lunik 13 (Classe E-6M);(URSS / NII-88 / Korolev);Inexistant à l'époque;Inexistant à l'époque;Inexistant à l'époque;Pas de personnage;;;;;;;;;;-22,1;22,1° Ouest;19;19,0° Nord;Nord-Ouest;Limbe Ouest-Nord-Ouest de la Lune;17;Struve;303;Non indiqué;Non indiqué;;??;0;0;0;0;0;0;Donnée non représentative.;Donnée non représentative.;Lancement le 21 décembre 1966  à 10h 19 mn (TU) de Baïkonour.;Sonde de 1700 kg. Voyage de 3,5 j. Séquence de freinage par rétrofusée à 75 km d'altitude pendant 46 s. Sonde lunaire contenue dans un ballon gonflé libéré à quelques mètres d'altitude. A aluni le 24 décembre 1966 à 18h 01mn. ;Sonde en forme d'oeuf posée de 150 kg avec instruments et caméras. 4 panneaux solaires en pétales ouverts après l'alunissage. Conteneur scellé avec chauffage interne, batteries et programmateur. Caméra TV fixe avec miroir orientable. ;A pris trois vues panoramiques. A effectué des mesures physiques sur le sol avec un pénétromètre, un dynamographe et un densitomètre à radiations. Transmissions terminées à la fin de décembre.;0;Formation invisible;9;Deux jours après le Premier Quartier;Un jour après le Dernier Quartier;999;Invisible;Invisible
LUNAR ORBITER 3;Sonde / Impact non volontaire;05-févr-67;Lunar Orbiter 3;(NASA/USA);Inexistant à l'époque;Inexistant à l'époque;Inexistant à l'époque;Pas de personnage;;;;;;;;;;-91,7;91,7° Ouest;14,6;14,6° Nord;Nord-Ouest;Non définie;VIII;Non indiqué;Non indiqué;Non indiqué;Non indiqué;;??;0;0;0;0;0;0;Donnée non représentative.;Donnée non représentative.;Lancement le 5 février 1967 de Cap Kennedy.;Orbiteur lunaire destiné à photographier les sites potentiels d'alunissage humain. Hauteur 1,65 m. Diamètre de 1,5 m. Quatre panneaux solaires de 3,72 m d'envergure. ;S'approcha jusqu'à 55 km du sol lunaire. 477 photos à haute résolution (jusqu'à 1 m) et 149 à moyenne résolution prises du 15 au 23 février et retransmises à partir du 4 mars. S'écrase le 9 octobre 1967. ;Localisation de Surveyor 1 sur la surface. Panne du mécanisme d'avance du film ne permettant pas la transmission de 25% des clichés. ;0;Formation invisible;;;;999;Invisible;Invisible
SURVEYOR 3;Sonde / Atterrissage en douceur;17-avr-67;Surveyor 3;(NASA/USA);Inexistant à l'époque;Inexistant à l'époque;Inexistant à l'époque;Pas de personnage;;;;;;;;;;-23,3;23,3° Ouest;-3;3,0° Sud;Sud-Ouest;Région au Sud-Est de l'Océan des Tempêtes;42;Fra Mauro;249;Non indiqué;Non indiqué;;??;0;0;0;0;0;0;Donnée non représentative.;Donnée non représentative.;Lancement le 17 avril 1967 à 7h 05mn (TU) de Cap Kennedy.;Sonde comportant 330 kg de matériel et 537 kg de combustibles azotés. 1 rétrofusée coupée à 97 km et trois moteurs de descente coupé à 5 m du sol. 1 caméra de télévision en couleurs. 3 pieds à 120 ° d'une largeur de 4,2 m. Un mât de 3 m de haut avec un panneau solaire et une antenne à grand gain. ;Alunissage en douceur entre le cratère Fra Mauro et Montes Riphaeus. Creuse 3 sillons dans le sol. Transmet 6 315 photos dont une photo d'éclipse le 24 avril 1967. Reste opérationnel jusqu'en mai 1967. Visité par les astronautes d'Apollo 12 en novembre 1969. Un streptocoque terrien vivant trouvé dans les pièces ramenées sur Terre.;;0;Formation invisible;9;Deux jours après le Premier Quartier;Un jour après le Dernier Quartier;999;Invisible;Invisible
SURVEYOR 4;Sonde / Atterrissage en douceur;14-juil-67;Surveyor 4;(NASA/USA);Inexistant à l'époque;Inexistant à l'époque;Inexistant à l'époque;Pas de personnage;;;;;;;;;;-1,3;1,3° Ouest;0,4;0,4° Nord;Nord-Ouest;Région au centre du disque lunaire;33;Triesnecker;291;Non indiqué;Non indiqué;;??;0;0;0;0;0;0;Donnée non représentative.;Donnée non représentative.;Lancement le 14 juillet 1967 à 11h 53mn (TU) de Cap Kennedy.;Sonde comportant 330 kg de matériel et 537 kg de combustibles azotés. 1 rétrofusée coupée à 97 km et trois moteurs de descente coupé à 5 m du sol. 1 caméra de télévision en couleurs. 3 pieds à 120 ° d'une largeur de 4,2 m. Un mât de 3 m de haut avec un panneau solaire et une antenne à grand gain. ;S'écrase près du centre de la face visible à cause d'une panne de rétrofusées.;;0;Formation invisible;7;Au Premier Quartier;Six jours après la Pleine Lune;999;Invisible;Invisible
LUNAR ORBITER 5;Sonde / Impact non volontaire;02-août-67;Lunar Orbiter 5;(NASA/USA);Inexistant à l'époque;Inexistant à l'époque;Inexistant à l'époque;Pas de personnage;;;;;;;;;;-83,1;83,1° Ouest;-2,8;2,8° Sud;Sud-Ouest;Limbe Ouest de la Lune;39;Grimaldi;Non indiqué;Non indiqué;Non indiqué;;??;0;0;0;0;0;0;Donnée non représentative.;Donnée non représentative.;Lancement le 2 août 1967 de Cap Kennedy.;Orbiteur lunaire destiné à photographier les sites potentiels d'alunissage humain. Hauteur 1,65 m. Diamètre de 1,5 m. Quatre panneaux solaires de 3,72 m d'envergure. ;S'approcha jusqu'à 99 km du sol lunaire. 633 photos à haute résolution (jusqu'à 2 m) et 211 à moyenne résolution prises du 6 au 18 août et retransmises à partir du 27 août. S'écrase le 31 janvier 1968. ;Porte la couverture photographique du globe lunaire à 99%.;0;Formation invisible;;;;999;Invisible;Invisible
SURVEYOR 5;Sonde / Atterrissage en douceur;08-sept-67;Surveyor 5;(NASA/USA);Inexistant à l'époque;Inexistant à l'époque;Inexistant à l'époque;Pas de personnage;;;;;;;;;;23,2;23,2° Est;1,4;1,4° Nord;Nord-Est;Partie Est de la Mer de la Tranquillité;35;Arago;276;Non indiqué;Non indiqué;;??;0;0;0;0;0;0;Donnée non représentative.;Donnée non représentative.;Lancement le 8 septembre 1967 7h 57mn (TU) de Cap Kennedy.;Sonde comportant 330 kg de matériel et 537 kg de combustibles azotés. 1 rétrofusée coupée à 97 km et trois moteurs de descente coupé à 5 m du sol. 1 caméra de télévision en couleurs. 3 pieds à 120 ° d'une largeur de 4,2 m. Un mât de 3 m de haut avec un panneau solaire et une antenne à grand gain. ;Alunissage en douceur dans Mare Tranquillitatis. Analyse du sol par un analyseur de particules alpha de 13 kg pendant 100 h sur 100 cm2. Composition proche du basalte terrestre. Informations sur la réflectivité radar et la température du sol. 18 006 photographies. Reste opérationnel jusqu'au 16 décembre 1967.;;0;Formation invisible;5;Cinq jour après la Nouvelle Lune;Quatre jour après la Pleine Lune;999;Invisible;Invisible
SURVEYOR 6;Sonde / Atterrissage en douceur;07-nov-67;Surveyor 6;(NASA/USA);Inexistant à l'époque;Inexistant à l'époque;Inexistant à l'époque;Pas de personnage;;;;;;;;;;-1,4;1,4° Ouest;0,4;0,4° Nord;Nord-Ouest;Région au centre du disque lunaire;33;Triesnecker;291;Non indiqué;Non indiqué;;??;0;0;0;0;0;0;Donnée non représentative.;Donnée non représentative.;Lancement le 7 novembre 1967 à 7h 39mn (TU) de Cap Kennedy.;Sonde comportant 330 kg de matériel et 537 kg de combustibles azotés. 1 rétrofusée coupée à 97 km et trois moteurs de descente coupé à 5 m du sol. 1 caméra de télévision en couleurs. 3 pieds à 120 ° d'une largeur de 4,2 m. Un mât de 3 m de haut avec un panneau solaire et une antenne à grand gain. ;Alunissage en douceur dans Sinus Medii. Redécollage à 2,5 m de hauteur et alunissage à 6,5 m de distance. 30 065 photographies. Analyse du sol par un mesureur de particules alpha de 13 kg. Reste opérationnel jusqu'au 14 décembre 1967.;;0;Formation invisible;7;Au Premier Quartier;Six jours après la Pleine Lune;999;Invisible;Invisible
SURVEYOR 7;Sonde / Atterrissage en douceur;07-janv-68;Surveyor 7;(NASA/USA);Inexistant à l'époque;Inexistant à l'époque;Inexistant à l'époque;Pas de personnage;;;;;;;;;;-11,2;11,2° Ouest;-41;41,0° Sud;Sud-Ouest;Secteur du cratère Tycho;64;Tycho;91;Non indiqué;Non indiqué;;??;0;0;0;0;0;0;Donnée non représentative.;Donnée non représentative.;Lancement le 7 janvier 1968 à 6h 30mn (TU) de Cap Kennedy.;Sonde comportant 330 kg de matériel et 537 kg de combustibles azotés. 1 rétrofusée coupée à 97 km et trois moteurs de descente coupé à 5 m du sol. 1 caméra de télévision en couleurs. 3 pieds à 120 ° d'une largeur de 4,2 m. Un mât de 3 m de haut avec un panneau solaire et une antenne à grand gain. ;Alunissage en douceur près du cratère Tycho à 4 500 m d'altitude. Analyse du sol par un analyseur de particules alpha de 13 kg en profondeur. Découverte d'une forte teneur en aluminium. Composition du sol des cratères différente de celui des mers lunaires. 21 274 photos. Reste opérationnel jusqu'au 20 février 1968. Creuse 7 sillons jusqu'à 40 cm de profondeur.;;0;Formation invisible;8;Un jour après le Premier Quartier;Au Dernier Quartier;999;Invisible;Invisible
LUNA 15;Sonde / Impact non volontaire;13-juil-69;Luna 15 / Lunik 15 (Classe Ye-8-5);(URSS / MOM / Lavochkin);Inexistant à l'époque;Inexistant à l'époque;Inexistant à l'époque;Pas de personnage;;;;;;;;;;58,5;58,5° Est;11,7;11,7° Nord;Nord-Est;Limbe Est de la Lune;38;Neper;263;Non indiqué;Non indiqué;;??;0;0;0;0;0;0;Donnée non représentative.;Donnée non représentative.;Lancement le 13 juillet 1969 de Baïkonour.;Sonde de 5700 kg. Même classe que Luna 16. Comporte une sonde d'alunissage de 1 880 kg avec module de retour d'échantillons de sol prélevés. Se met en orbite autour de la Lune le 17 juillet. Réalise 52 orbites lunaires avant la tentative d'alunissage. ;S'écrase dans Mare Crisium peu après le succès de la mission américaine Apollo 11 par suite d'erreurs de programmation ne prenant pas en compte l'effet gravifique du aux mascons.;;0;Formation invisible;3;Trois jours après la Nouvelle lune;Deux jours après la Pleine Lune;999;Invisible;Invisible
APOLLO 11 BASE;Mission humaine / Atterrissage en douceur;16-juil-69;Base d'alunissage de la mission Apollo 11;(NASA/USA);Inexistant à l'époque;Inexistant à l'époque;Inexistant à l'époque;Pas de personnage;;;;;;;;;;23,5;23,5° Est;0,7;0,7° Nord;Nord-Est;Partie Est de la Mer de la Tranquillité;35;Arago;276;Non indiqué;Non indiqué;;??;0;0;0;0;0;0;Donnée non représentative.;Donnée non représentative.;Lancement le 16 juillet 1969 à 13h 32mn (TU) de Cap Kennedy. Ensemble de 3,9m de diamètre. Command Module Columbia (CM) 3,65 m de haut et 5,6 t.  Service Module (SM) de 7,6 m de long et 23,2 t. Lunar Module Eagle (LM) de 6 m de haut, de 4,2 m de large et de 15,1 t dont 10,85 t de carburants.;Neil A. ARMSTRONG (Commandant) Edwin E. ALDRIN (Pilote du LM) Michael COLLINS (Pilote du CSM). Premier alunissage humain le 20 juillet 1969 à 20h 17mn 40s. Première marche sur la Lune le 21 Juillet 1969 à 2h 56mn 15s. Marche de 2h 31mn. Distance parcourue 250 m à 100 m maximum du LM.;21.4kg de roches collectées dont deux carottes. Early Apollo Surface Experiments Package (EASEP) avec réflecteur laser, sismomètre, mesure du vent solaire. Alimentation par panneaux solaires. Fin de transmissions de l'EASEP le 27 août 1969.;Décollage le 21 juillet à 17h 54mn. Séjour total sur la Lune : 21h 36mn. Amérissage le 24 juillet 1969 à 16h 50mn. Durée totale de la mission 8j 3h 18mn. ;0;Formation invisible;5;Cinq jour après la Nouvelle Lune;Quatre jour après la Pleine Lune;999;Invisible;Invisible
APOLLO 12 BASE;Mission humaine / Atterrissage en douceur;14-nov-69;Base d'alunissage de la mission Apollo 12;(NASA/USA);Inexistant à l'époque;Inexistant à l'époque;Inexistant à l'époque;Pas de personnage;;;;;;;;;;-23,2;23,2° Ouest;-3;3,0° Sud;Sud-Ouest;Région au Sud-Est de l'Océan des Tempêtes;42;Fra Mauro;249;Non indiqué;Non indiqué;;??;0;0;0;0;0;0;Donnée non représentative.;Donnée non représentative.;Lancement le 14 novembre 1969 à 16h 22mn (TU) de Cap Kennedy. Ensemble de 3,9m de diamètre. Command Module Yankee Clipper (CM) 3,65 m de haut et 5,6 t.  Service Module (SM) de 7,6 m de long et 23,1 t. Lunar  Module Intrepid (LM) de 6 m de haut, de 4,2 m de large et de 15,1 t dont 10,75 t de carburants.;Charles P. CONRAD (Commandant) Alan L. BEAN (Pilote du LM) Richard F.GORDON (Pilote du CSM). Alunissage le 19 novembre 1969 à 6h 54mn 35s. Première marche le 19 novembre de 3h 56mn. Seconde marche le 20 novembre de 3h 50mn. Distance totale parcourue 1350 m.;34,4 kg de roches ramenés. Récupération de 10 kg de pièces dont la caméra sur la sonde Surveyor 3 distante de 180 m. Apollo Lunar Surface Experiment Package (ALSEP) avec sismomètre, détecteur d'ions, détecteur de poussières, magnétomètre, spectromètre et analyseur d'atmosphère. Alimentation par générateur thermoélectrique au plutonium 238 SNAP-27. Fin des transmissions de l'ALSEP le 30 septembre 1977. ;Décollage le 20 novembre à 14h 25mn. Séjour total sur la Lune : 1j 7h 31mn. Amérissage le 24 novembre 1969 à 20 h 58 mn. Durée totale de la mission : 10j 4h. ;0;Formation invisible;9;Deux jours après le Premier Quartier;Un jour après le Dernier Quartier;999;Invisible;Invisible
APOLLO 12 LEM;Matériel inerte / Impact volontaire;14-nov-69;Etage de remontée du LEM d'Apollo 12;(NASA/USA);Inexistant à l'époque;Inexistant à l'époque;Inexistant à l'époque;Pas de personnage;;;;;;;;;;-21,2;21,2° Ouest;-3,94;3,94° Sud;Sud-Ouest;Région au Sud-Est de l'Océan des Tempêtes;42;Non indiqué;Non indiqué;Non indiqué;Non indiqué;;??;0;0;0;0;0;0;Donnée non représentative.;Donnée non représentative.;Lancement le 14 novembre 1969 à 16h 22mn (TU) de Cap Kennedy. Lunar Module (LM) Eagle;Etage de remontée du Lunar  Module (LM) de la mission Apollo 12 précipité sur le sol lunaire pour activer les sismographes laissés à la surface. S'écrase à proximité du craterlet Fra Mauro B le 20 novembre 1969 à 22h 17mn 17s.;Impact à 1,68 km/s avec un angle de 3,7° par rapport à l'horizontale. Energie dégagée 3,36 x 10^16 ergs.;;0;Formation invisible;9;Deux jours après le Premier Quartier;Un jour après le Dernier Quartier;999;Invisible;Invisible
APOLLO 13 S IV B;Matériel inerte / Impact volontaire;13-avr-70;Etage S IV B d'Apollo 13;(NASA/USA);Inexistant à l'époque;Inexistant à l'époque;Inexistant à l'époque;Pas de personnage;;;;;;;;;;-27,86;27,86° Ouest;-2,75;2,75° Sud;Sud-Ouest;Partie Sud-Est de l'Océan des Tempêtes;41;Non indiqué;Non indiqué;Non indiqué;Non indiqué;;??;0;0;0;0;0;0;Donnée non représentative.;Donnée non représentative.;Lancement le 13 avril 1970 de Cap Kennedy.;Troisième étage de la fusée Saturne 5 de la mission Apollo 13 (Etage d'insertion en orbite de transfert lunaire) précipité sur le sol lunaire pour activer les sismographes laissés sur la surface. S'écrase le 15 avril 1970 dans la partie Est de Oceanus Procellarum à 1h 9mn 41s.;Impact à 2,58 km/s avec un angle de 76° par rapport à l'horizontale. Energie dégagée 4,63 x 10^17 ergs.;;0;Formation invisible;9;Deux jours après le Premier Quartier;Un jour après le Dernier Quartier;999;Invisible;Invisible
LUNA 16;Sonde / Atterrissage en douceur;12-sept-70;Luna 16 / Lunik 16 (Classe Ye-8-5);(URSS / MOM / Lavochkin);Inexistant à l'époque;Inexistant à l'époque;Inexistant à l'époque;Pas de personnage;;;;;;;;;;56,4;56,4° Est;0,8;0,8° Nord;Nord-Est;Limbe Est de la Lune;38;Neper;229;Non indiqué;Non indiqué;;??;0;0;0;0;0;0;Donnée non représentative.;Donnée non représentative.;Lancement le 12 septembre 1970 à 13h 25mn (TU) de Baïkonour.;Sonde de 5700 kg. Sonde d'alunissage de 1 880 kg. Alunissage en douceur dans Mare Fecunditatis le 17 septembre 1970 à 5h 18mn. Bras extensible. Creuse le sol jusqu'à 35 cm de profondeur. Séjour de 26h 25 mn. ;Atterrissage de la capsule de retour le 24 septembre au Kazakhstan. Revient sur Terre avec une carotte de 101 g de roches lunaires. Etage de descente opérationnel pendant plusieurs semaines envoyant des données de température et de radiations.;;0;Formation invisible;3;Trois jours après la Nouvelle lune;Deux jours après la Pleine Lune;999;Invisible;Invisible
LUNA 17;Sonde / Atterrissage en douceur;10-nov-70;Luna 17 + Lunakhod 1 / Lunik 17 + Lunakhod 1 (Classe Ye-8) ;(URSS / MOM / Lavochkin);Inexistant à l'époque;Inexistant à l'époque;Inexistant à l'époque;Pas de personnage;;;;;;;;;;-35,2;35,2° Ouest;38,2;38,2° Nord;Nord-Ouest;Partie Nord-Ouest de la Mer des Pluies;10;Sinus Iridum;358;Non indiqué;Non indiqué;;??;0;0;0;0;0;0;Donnée non représentative.;Donnée non représentative.;Lancement le 10 novembre 1970 à 14h 44mn (TU) de Baïkonour.;Sonde de 5600 kg avec un module d'alunissage de 1814 kg. Celui-ci comporte deux rampes pour permettre la descente sur la surface de Lunakhod 1 véhicule radiocommandé depuis la Terre.;Alunissage en douceur dans Mare Imbrium. Lunakhod 1 est long de 2,2 m, large de 1,6 m et haut de 1,35 m avec huit roues à suspension, moteurs et freins indépendants. Masse 756 kg. Alimentation par panneau solaire. Chauffage interne au Polonium 210. Vitesse de 1 à 2 km/h. Parcourut 10 542 m en 10 mois. Quatre caméras dont deux stéréoscopiques. ;Analyse des propriétés physico-mécaniques du sol lunaire à plus de 500 endroits avec un testeur de sol. Analyse chimique du sol lunaire en 25 points. Magnétomètre. Radiomètre. Envoie plus de 20 000 photographies dont 210 panoramas. Fin de la mission, le 4 octobre 1971.;0;Formation invisible;10;Trois jours après le Premier Quartier;Deux jours après le Dernier Quartier;999;Invisible;Invisible
APOLLO 14 BASE;Mission humaine / Atterrissage en douceur;31-janv-71;Base d'alunissage de la mission Apollo 14;(NASA/USA);Inexistant à l'époque;Inexistant à l'époque;Inexistant à l'époque;Pas de personnage;;;;;;;;;;-17,4;17,4° Ouest;-3,6;3,6° Sud;Sud-Ouest;Région au Sud-Est de l'Océan des Tempêtes;42;Fra Mauro;216;Non indiqué;Non indiqué;;??;0;0;0;0;0;0;Donnée non représentative.;Donnée non représentative.;Lancement le 31 janvier 1971 à 21h 03mn (TU) de Cap Kennedy. Ensemble de 3,9m de diamètre. Command Module Kitty Hawk (CM) 3,65 m de haut et 5,7 t.  Service Module (SM) de 7,6 m de long et 23,5 t. Lunar  Module Antares (LM) de 6 m de haut, de 4,2 m de large et de 15,3 t dont 11 t de carburants.;Alan B. SHEPARD (Commandant) Edgar D. MITCHELL (Pilote du LM) Stuart A. Roosa (Pilote du CSM). Alunissage le 5 février 1971 à 9h 18mn 11s. LM incliné de 8°. Première marche le 5 février de 14h 42mn à 19h 30mn (4h 48mn). Seconde marche le 6 février de 8h 11mn à 12h 45mn (4h 34mn) jusqu'au cratère Cone. Distance totale parcourue 3,45 km.;42,9 kg de roches ramenés. Shepard lança deux balles de golf avec un échantilloneur ! Utilisation de la brouette lunaire. Apollo Lunar Surface Experiment Package (ALSEP) avec transmetteur radio, sismomètre passif, sismomètre actif, détecteur d'ions, détecteur de poussières, magnétomètre, réflecteur laser. Alimentation par générateur thermoélectrique au plutonium 238 SNAP-27. Fin des transmissions de l'ALSEP le 30 septembre 1977. ;Décollage le 6 février à 18h 48mn. Séjour total sur la Lune : 1j 9h 31mn. Amérissage le 9 février 1971 à 21h 05mn. Durée totale de la mission : 9j 1h. ;0;Formation invisible;8;Un jour après le Premier Quartier;Au Dernier Quartier;999;Invisible;Invisible
APOLLO 14 LEM;Matériel inerte / Impact volontaire;31-janv-71;Etage de remontée du LEM d'Apollo 14;(NASA/USA);Inexistant à l'époque;Inexistant à l'époque;Inexistant à l'époque;Pas de personnage;;;;;;;;;;-19,67;19,67° Ouest;-3,42;3,42° Sud;Sud-Ouest;Région au Sud-Est de l'Océan des Tempêtes;42;Non indiqué;Non indiqué;Non indiqué;Non indiqué;;??;0;0;0;0;0;0;Donnée non représentative.;Donnée non représentative.;Lancement le 31 janvier 1971 à 21h 03mn (TU) de Cap Kennedy. Lunar  Module (LM) Antares.;Etage de remontée du Lunar  Module (LM) de la mission Apollo 14 précipité sur le sol lunaire pour activer les sismographes laissés à la surface. S'écrase le 7 février 1971 dans Mare Insularum à 0h 45mn 25s.;Impact à 1,68 km/s avec un angle de 3,6° par rapport à l'horizontale. Energie dégagée 3,25 x 10^16 ergs.;;0;Formation invisible;9;Deux jours après le Premier Quartier;Un jour après le Dernier Quartier;999;Invisible;Invisible
APOLLO 14 S IV B;Matériel inerte / Impact volontaire;31-janv-71;Etage S IV B d'Apollo 14;(NASA/USA);Inexistant à l'époque;Inexistant à l'époque;Inexistant à l'époque;Pas de personnage;;;;;;;;;;-26,02;26,02° Ouest;-8,09;8,09° Sud;Sud-Ouest;Région au Sud-Est de l'Océan des Tempêtes;42;Non indiqué;Non indiqué;Non indiqué;Non indiqué;;??;0;0;0;0;0;0;Donnée non représentative.;Donnée non représentative.;Lancement le 31 janvier 1971 de Cap Kennedy.;Troisième étage de la fusée Saturne 5  de la mission Apollo 14 (Etage d'insertion en orbite de transfert lunaire) précipité sur le sol lunaire pour activer les sismographes laissés sur la surface. S'écrase le 4 février 1971 dans Mare Cognitum à 7h 40mn 25s.;Impact à 2,54 km/s avec un angle de 69° par rapport à l'horizontale. Energie dégagée 4,52 x 10^17 ergs.;;0;Formation invisible;9;Deux jours après le Premier Quartier;Un jour après le Dernier Quartier;999;Invisible;Invisible
APOLLO 15 BASE;Mission humaine / Atterrissage en douceur;26-juil-71;Base d'alunissage de la mission Apollo 15;(NASA/USA);Inexistant à l'époque;Inexistant à l'époque;Inexistant à l'époque;Pas de personnage;;;;;;;;;;3,6;3,6° Est;26;26,0° Nord;Nord-Est;Secteur des Monts Apennins;22;Conon;322;Non indiqué;Non indiqué;;??;0;0;0;0;0;0;Donnée non représentative.;Donnée non représentative.;Lancement le 26 juillet 1971 de Cap Kennedy à 13h 34mn (TU). Ensemble de 3,9m de diamètre. Command Module Endeavour (CM) 3,65 m de haut et 5,7 t.  Service Module (SM) de 7,6 m de long et 23,5 t. Lunar  Module Falcon (LM) de 6 m de haut, de 4,2 m de large et de 16,4 t dont 12 t de carburants.;David R. SCOTT (Commandant) James B. IRWIN (Pilote du LM) Alfred M. WORDEN (Pilote du CSM). Alunissage le 30 Juillet 1971 à 22h 16mn 29s. Première marche le 31 juillet de 13h 13mn à 19h 45mn (6h 32mn). Première excursion en LRV le 1er août de 11h 48mn à 19h 01mn (7h 13mn). Seconde excursion en LRV le 2 août de 8h 52mn à 13h 42mn (4h 50mn) jusqu'à Rima Hadley. Distance totale parcourue 27,9 km jusqu'à 5 km du LM.;Première utilisation du Lunar Roving Vehicle (LRV). Véhicule à 4 roues équipées chacune d'un moteur électrique. Pilotage par manche. 76.8 kg de roches collectés. Scott montra qu'une plume et un marteau tombe à la même vitesse vu l'absence d'atmosphère. Carottes jusqu'à 2.36 m de profondeur. Visite de Rima Hadley. Apollo Lunar Surface Experiment Package (ALSEP) avec transmetteur radio, sismomètre passif, mesure d'atmosphère, détecteur d'ions, détecteur de poussières, magnétomètre, mesureur de flux thermique, réflecteur laser. Alimentation par générateur thermoélectrique au plutonium 238 SNAP-27. Fin des transmissions de l'ALSEP le 30 septembre 1977.;Séjour total sur la Lune : 2j 18h 55mn. Décollage le 2 août à 17h 11mn. Mise en orbite d'un sub-satellite lunaire le 3 août à 20h 13mn. Sortie dans l'espace de Worden le 5 août de 38mn. Amérissage le 7 août 1971 à 20h 45mn. Durée totale de la mission : 12j 7h 11mn. ;0;Formation invisible;7;Au Premier Quartier;Six jours après la Pleine Lune;999;Invisible;Invisible
APOLLO 15 LEM;Matériel inerte / Impact volontaire;26-juil-71;Etage de remontée du LEM d'Apollo 15;(NASA/USA);Inexistant à l'époque;Inexistant à l'époque;Inexistant à l'époque;Pas de personnage;;;;;;;;;;0,25;0,25° Est;26,36;26,36° Nord;Nord-Est;Secteur des Monts Apennins;22;Non indiqué;Non indiqué;Non indiqué;Non indiqué;;??;0;0;0;0;0;0;Donnée non représentative.;Donnée non représentative.;Lancement le 26 juillet 1971 de Cap Kennedy.;Etage de remontée du Lunar  Module (LM) de la mission Apollo 15 précipité sur le sol lunaire pour activer les sismographes laissés à la surface. S'écrase le 3 août 1971 dans Palus Putredinis à 3h 3mn 37s.;Impact à 1,7 km/s avec un angle de 3,2° par rapport à l'horizontale. Energie dégagée 3,4 x 10^16 ergs.;;0;Formation invisible;7;Au Premier Quartier;Six jours après la Pleine Lune;999;Invisible;Invisible
APOLLO 15 S IV B;Matériel inerte / Impact volontaire;26-juil-71;Etage S IV B d'Apollo 15;(NASA/USA);Inexistant à l'époque;Inexistant à l'époque;Inexistant à l'époque;Pas de personnage;;;;;;;;;;-11,81;11,81° Ouest;-1,51;1,51° Sud;Sud-Ouest;Région à l'Ouest du cratère  Ptolémée;43;Non indiqué;Non indiqué;Non indiqué;Non indiqué;;??;0;0;0;0;0;0;Donnée non représentative.;Donnée non représentative.;Lancement le 26 juillet 1971 de Cap Kennedy.;Troisième étage de la fusée Saturne 5  de la mission Apollo 15 (Etage d'insertion en orbite de transfert lunaire) précipité sur le sol lunaire pour activer les sismographes laissés sur la surface. S'écrase le 29 juillet 1971 près du craterlet Turner B à 20h 58mn 43s.;Impact à 2,58 km/s avec un angle de 62° par rapport à l'horizontale. Energie dégagée 4,61 x 10^17 ergs.;;0;Formation invisible;8;Un jour après le Premier Quartier;Au Dernier Quartier;999;Invisible;Invisible
LUNA 18;Sonde / Impact non volontaire;02-sept-71;Luna 18 / Lunik 18 (Classe Ye-8-5);(URSS / MOM / Lavochkin);Inexistant à l'époque;Inexistant à l'époque;Inexistant à l'époque;Pas de personnage;;;;;;;;;;56,4;56,4° Est;3,4;3,4° Nord;Nord-Est;Limbe Est de la Lune;38;Neper;229;Non indiqué;Non indiqué;;??;0;0;0;0;0;0;Donnée non représentative.;Donnée non représentative.;Lancement le 2 septembre 1971 à 13h 40mn (TU) de Baïkonour.;Sonde de 5700 kg. Même classe que Luna 16. Comporte une sonde d'alunissage de 1 880 kg avec module de retour d'échantillons de sol prélevés. Se met en orbite autour de la Lune le 7 septembre. ;Réalise 54 orbites lunaires avant la tentative d'alunissage. Communications interrompues au moment du contact avec le sol dans Mare Fecunditatis le 11 septembre.;;0;Formation invisible;3;Trois jours après la Nouvelle lune;Deux jours après la Pleine Lune;999;Invisible;Invisible
LUNA 20;Sonde / Atterrissage en douceur;14-févr-72;Luna 20 / Lunik 20 (Classe Ye-8-5);(URSS / MOM / Lavochkin);Inexistant à l'époque;Inexistant à l'époque;Inexistant à l'époque;Pas de personnage;;;;;;;;;;56,4;56,4° Est;3,4;3,4° Nord;Nord-Est;Limbe Est de la Lune;38;Neper;229;Non indiqué;Non indiqué;;??;0;0;0;0;0;0;Donnée non représentative.;Donnée non représentative.;Lancement le 14 février 1972 à 3h 27mn (TU) de Baïkonour.;Sonde de 5700 kg. Même classe que Luna 16. Comporte une sonde d'alunissage de 1 880 kg avec module de retour d'échantillons de sol prélevés. Se met en orbite autour de la Lune le 18 février. ;Alunissage en douceur le 21 février dans Mare Fecunditatis à 120 km de l'impact de Luna 18. Photographies panoramiques. Bras extensible. Redécollage de la surface lunaire le 22 février. Retour sur Terre avec 30 g de roches lunaires le 25 février.;;0;Formation invisible;3;Trois jours après la Nouvelle lune;Deux jours après la Pleine Lune;999;Invisible;Invisible
APOLLO 16 BASE;Mission humaine / Atterrissage en douceur;16-avr-72;Base d'alunissage de la mission Apollo 16;(NASA/USA);Inexistant à l'époque;Inexistant à l'époque;Inexistant à l'époque;Pas de personnage;;;;;;;;;;15,6;15,6 ° Est;-9;9,0° Sud;Sud-Est;Région à l'Est du cratère Ptolémée;45;Andel;0;Non indiqué;Non indiqué;;??;0;0;0;0;0;0;Donnée non représentative.;Donnée non représentative.;Lancement le 16 avril 1972 de Cap Kennedy à 17h 54 mn (TU). Ensemble de 3,9m de diamètre. Command Module Casper (CM) 3,65 m de haut et 5,7 t.  Service Module (SM) de 7,6 m de long et 23,5 t. Lunar  Module Orion (LM) de 6 m de haut, de 4,2 m de large et de 16,4 t dont 12 t de carburants.;John W. YOUNG (Commandant) Charles M. DUKE (Pilote du LM) Thomas K. MATTINGLY (Pilote du CSM). Alunissage le 21 avril 1972 à 2h 23mn 35s. Première marche le 21 avril de 16h 47 à 23h 58mn (7h 11mn). Première excursion en LRV le 22 avril de 16h 33 à 23h 56mn (7h 23mn). Seconde excursion en LRV le 23 avril de 15h 25mn à 21h 05mn (5h 40mn) jusqu'au cratère North Ray. Distance totale parcourue 27 km Jusqu'à km du LM.;Utilisation du Lunar Roving Vehicle (LRV). Véhicule à 4 roues équipées chacune d'un moteur électrique. Pilotage par manche. 94,7 kg de roches collectés. Carottage à 3m de profondeur. Apollo Lunar Surface Experiment Package (ALSEP) avec transmetteur radio, sismomètre passif, sismomètre actif, magnétomètre, mesureur de flux thermique, réflecteur laser. Alimentation par générateur thermoélectrique au plutonium 238 SNAP-27. Fin des transmissions de l'ALSEP le 30 septembre 1977.;Séjour total sur la Lune : 2j 23h 2mn. Décollage le 24 avril à 1h 25mn. Mise en orbite d'un sub-satellite lunaire le 24 avril à 21h 56mn. Sortie dans l'espace de Mattingly le 25 avril de 1h 24mn. Amérissage le 27 avril 1972 à 19h 45mn. Durée totale de la mission : 11j 21h 51mn. ;0;Formation invisible;7;Au Premier Quartier;Six jours après la Pleine Lune;999;Invisible;Invisible
APOLLO 16 S IV B;Matériel inerte / Impact volontaire;16-avr-72;Etage S IV B d'Apollo 16;(NASA/USA);Inexistant à l'époque;Inexistant à l'époque;Inexistant à l'époque;Pas de personnage;;;;;;;;;;-23,8;23,8° Ouest;1,3;1,3° Nord;Nord-Ouest;Secteur du cratère Copernic;31;Non indiqué;Non indiqué;Non indiqué;Non indiqué;;??;0;0;0;0;0;0;Donnée non représentative.;Donnée non représentative.;Lancement le 16 avril 1972 de Cap Kennedy.;Troisième étage de la fusée Saturne 5  de la mission Apollo 16 (Etage d'insertion en orbite de transfert lunaire) précipité sur le sol lunaire pour activer les sismographes laissés sur la surface. S'écrase le 19 avril 1972 dans Mare Insularum entre Rheinhold et Lansberg à 21h 02mn 04s.;Impact à 2,5 km/s avec un angle de 79° par rapport à l'horizontale. Energie dégagée 4,59 x 10^17 ergs.;;0;Formation invisible;9;Deux jours après le Premier Quartier;Un jour après le Dernier Quartier;999;Invisible;Invisible
APOLLO 17 BASE;Mission humaine / Atterrissage en douceur;07-déc-72;Base d'alunissage de la mission Apollo 17;(NASA/USA);Inexistant à l'époque;Inexistant à l'époque;Inexistant à l'époque;Pas de personnage;;;;;;;;;;30,8;30,8° Est;20,1;20,1° Nord;Nord-Est;Région au Nord de la Mer de la Tranquillité;25;Römer;310;Non indiqué;Non indiqué;;??;0;0;0;0;0;0;Donnée non représentative.;Donnée non représentative.;Lancement le 7 décembre 1972 de Cap Kennedy à 5h 33mn (TU). Ensemble de 3,9m de diamètre. Command Module America (CM) 3,65 m de haut et 5,7 t.  Service Module (SM) de 7,6 m de long et 23,5 t. Lunar  Module Challenger (LM) de 6 m de haut, de 4,2 m de large et de 16,4 t dont 12 t de carburants.;Eugene A. CERNAN (Commandant) Harrison H. SCHMIDT (Géologue et pilote du LM) Ronald E. EVANS (Pilote du CSM). Du 7 au 19 Décembre 1972. Capsule America. LM Challenger. Alunissage le 11 décembre 1972 à 19h 54mn 57s. Première excursion en LRV le 11 décembre de 23h 54mn à 7h 07mn (7h 13mn). Seconde excursion le 12 décembre de 23h 28mn à 7h 05mn (7h 37mn). Troisième excursion le 13 décembre de 22h 26mn à 5h 41mn (7h 15mn) Distance totale parcourue 30 km Jusqu'à km du LM.;Utilisation du Lunar Roving Vehicle (LRV). Véhicule à 4 roues équipées chacune d'un moteur électrique. Pilotage par manche. 110,5 kg de roches collectées. Carottes à 2.5 m. Apollo Lunar Surface Experiment Package (ALSEP) avec transmetteur radio, sismomètre actif à cartouches explosives, gravimètre, mesureur de flux thermique, mesure d'atmosphère, détecteur d'ions, détecteur de poussières, réflecteur laser. Alimentation par générateur thermoélectrique au plutonium 238 SNAP-27. Fin des transmissions de l'ALSEP le 30 septembre 1977.;Séjour total sur la Lune : 3j 03h 01mn. Décollage le 14 décembre à 22h 54mn. Sortie dans l'espace de Evans le 17 décembre de 1h 07mn. Amérissage le 19 décembre 1972 à 19h 24mn. Durée totale de la mission : 12j 13h 52mn;0;Formation invisible;5;Cinq jour après la Nouvelle Lune;Quatre jour après la Pleine Lune;999;Invisible;Invisible
APOLLO 17 S IV B;Matériel inerte / Impact volontaire;07-déc-72;Etage S IV B d'Apollo 16;(NASA/USA);Inexistant à l'époque;Inexistant à l'époque;Inexistant à l'époque;Pas de personnage;;;;;;;;;;-12,31;12,31° Ouest;-4,21;4,21° Sud;Sud-Ouest;Région à l'Ouest du cratère  Ptolémée;43;Non indiqué;Non indiqué;Non indiqué;Non indiqué;;??;0;0;0;0;0;0;Donnée non représentative.;Donnée non représentative.;Lancement le 7 décembre 1972 de Cap Kennedy.;Troisième étage de la fusée Saturne 5  de la mission Apollo 17 (Etage d'insertion en orbite de transfert lunaire) précipité sur le sol lunaire pour activer les sismographes laissés sur la surface. S'écrase le 10 décembre 1972 près du craterlet Turner M à 20h 32mn 42s.;Impact à 2,55 km/s avec un angle de 55° par rapport à l'horizontale. Energie dégagée 4,71 x 10^17 ergs.;;0;Formation invisible;8;Un jour après le Premier Quartier;Au Dernier Quartier;999;Invisible;Invisible
APOLLO 17 LEM;Matériel inerte / Impact volontaire;15-déc-72;Etage de remontée du LEM d'Apollo 17;(NASA/USA);Inexistant à l'époque;Inexistant à l'époque;Inexistant à l'époque;Pas de personnage;;;;;;;;;;30,5;30,5° Est;19,96;19,96° Nord;Nord-Est;Région au Nord de la Mer de la Tranquillité;25;Non indiqué;Non indiqué;Non indiqué;Non indiqué;;??;0;0;0;0;0;0;Donnée non représentative.;Donnée non représentative.;Lancement le 15 décembre 1972 de Cap Kennedy.;Etage de remontée du Lunar  Module (LM) de la mission Apollo 17 précipité sur le sol lunaire pour activer les sismographes laissés à la surface. S'écrase le 15 décembre 1972 près du craterlet Ching-te à 6h 50mn 20s.;Impact à 1,67 km/s avec un angle de 4,9° par rapport à l'horizontale. Energie dégagée 3,15 x 10^16 ergs.;;0;Formation invisible;4;Quatre jours après la Nouvelle Lune;Trois jours après la Pleine Lune;999;Invisible;Invisible
LUNA 21;Sonde / Atterrissage en douceur;08-janv-73;Luna 21 + Lunakhod 2 / Lunik 21 + Lunakhod 2 (Classe Ye-8) ;(URSS / MOM / Lavochkin);Inexistant à l'époque;Inexistant à l'époque;Inexistant à l'époque;Pas de personnage;;;;;;;;;;30,3;30,3° Est;25,9;25,9° Nord;Nord-Est;Région au Nord de la Mer de la Tranquillité;25;Römer;312;Non indiqué;Non indiqué;;??;0;0;0;0;0;0;Donnée non représentative.;Donnée non représentative.;Lancement le 8 janvier 1973 à 6h 55mn (TU) de Baïkonour.;Sonde de 4850 kg avec un module d'alunissage de 1814 kg. Celui-ci comporte deux rampes pour permettre la descente sur la surface de Lunakhod 2 véhicule radiocommandé depuis la Terre.;Alunissage en douceur le 15 janvier 1973 dans le cratère Le Monnier. Exploration télécommandée depuis la Terre par le véhicule Lunakhod 2. Lunakhod 1 est long de 2,2 m, large de 1,6 m et haut de 1,35 m avec huit roues à suspension, moteurs et freins indépendants. Masse 840 kg. Alimentation par panneau solaire. Chauffage interne au Polonium 210. Vitesse de 1 à 2 km/h. Quatre caméras dont deux stéréoscopiques. ;Analyse des propriétés physico-mécaniques du sol lunaire à plus de 1000 endroits avec un testeur de sol. Analyse chimique du sol lunaire en 25 points. Magnétomètre. Radiomètre. Parcourut 37 km en dix mois et demi. Envoie plus de 80 000 photographies dont 86 panoramas lunaires. Fin de la mission le 4 juin.;0;Formation invisible;3;Trois jours après la Nouvelle lune;Deux jours après la Pleine Lune;999;Invisible;Invisible
LUNA 23;Sonde / Atterrissage en douceur;28-oct-74;Luna 23 / Lunik 23;(URSS);Inexistant à l'époque;Inexistant à l'époque;Inexistant à l'époque;Pas de personnage;;;;;;;;;;62,18;62,18° Est;12,41;12,41° Nord;Nord-Est;Limbe Est de la Lune;38;Non indiqué;;Non indiqué;Non indiqué;;??;0;0;0;0;0;0;Donnée non représentative.;Donnée non représentative.;Lancement le 28 octobre 1974 à 14h 30mn (TU) de Baïkonour.;Alunissage difficile dans Mare Crisium. Module endommagé. Transmet pendant trois jours. Ne parvient pas à redécoller.;;;0;Formation invisible;3;Trois jours après la Nouvelle lune;Deux jours après la Pleine Lune;999;Invisible;Invisible
LUNA 24;Sonde / Atterrissage en douceur;09-août-76;Luna 24 / Lunik 24;(URSS);Inexistant à l'époque;Inexistant à l'époque;Inexistant à l'époque;Pas de personnage;;;;;;;;;;62,12;62,12° Est;12,45;12,45° Nord;Nord-Est;Limbe Est de la Lune;38;Neper;;Non indiqué;Non indiqué;;??;0;0;0;0;0;0;Donnée non représentative.;Donnée non représentative.;Lancement le 9 août 1976 à 15h 04mn (TU) de Baïkonour.;Sonde de 4 800 kg comportant un module d'alunissage. Alunissage en douceur dans Mare Crisium. Forage du sol jusqu'à 2 mètres de profondeur. Retour sur Terre de la capsule avec 170 g de carottes lunaires le 22 août en Sibérie occidentale.;;;0;Formation invisible;3;Trois jours après la Nouvelle lune;Deux jours après la Pleine Lune;999;Invisible;Invisible
HITEN;Sonde / Impact volontaire;24-janv-90;Hiten / Hagoromo (Ex Muses A);(ISAS / Japon);Inexistant à l'époque;Inexistant à l'époque;Inexistant à l'époque;Pas de personnage;;;;;;;;;;55,3;55,3° Est;-34;34,0° Sud;Sud-Est;Limbe Sud-Est de la Lune;69;Furnerius;;Non indiqué;Non indiqué;;??;0;0;0;0;0;0;Donnée non représentative.;Donnée non représentative.;Lancement le 24 janvier 1990 à 11h 46mn (TU) de Kagoshima.;Sonde cylindrique de 1,4 m de diamètre et de 0,8 m de hauteur pesant 197 kg dont 42 kg d'hydrazine. Porte un mini satellite lunaire appelé Hagoromo de forme polyhédrique à 26 faces pesant 12 kg. Mis sur orbite terrestre elliptique. Passe derrière la Lune pour la première fois le 18 mars 1990, puis 10 autres fois. Teste pour la première fois l'aerobraking à 125 km d'altitude dans l'atmosphère terrestre le 19 mars 1991. S'approche au plus près à 16,5 km de la surface lunaire.;S'éloigne ensuite pour atteindre les points de Lagrange de l'orbite lunaire sans trouver de particules piégées. définitivement mis en orbite lunaire par freinage lors du dernier survol le 15 février 1993. Précipité vers la surface le 10 avril 1993.  S'écrase à 18h 03mn 26s près du cratère Stevinus. ;Hagoromo mis en orbite lunaire le 18 mars 1990 malgré son émetteur en panne depuis le 21 février 1990.;0;Formation invisible;3;Trois jours après la Nouvelle lune;Deux jours après la Pleine Lune;999;Invisible;Invisible
LUNAR PROSPECTOR;Sonde / Impact volontaire;07-janv-98;Lunar Prospector;(NASA/USA);Inexistant à l'époque;Inexistant à l'époque;Inexistant à l'époque;Pas de personnage;;;;;;;;;;42;42,0° Est;-87,7;87,7° Sud;Sud-Est;Limbe Sud de la Lune;74;Manzinus;42;Non indiqué;Non indiqué;;??;0;0;0;0;0;0;Donnée non représentative.;Donnée non représentative.;Lancement le 7 janvier 1998 à 2h 28mn (TU) de Cap Kennedy.;Sonde de 285 kg. Emporte les cendres de Eugène Shoemaker, astronome du programme Apollo. Se met en orbite polaire autour de la Lune le 13 janvier 1998. D'abord à 100 km d'altitude, puis ramené à 10 km au bout de 6 mois. Cartographie complète de la Lune dans divers domaines. Le 5 mars confirmation de la présence d'eau dans le fond obscur des cratères polaires. ;Précipité sur la Lune le 31 juillet 1999. S'écrase à 9h 52mn près du cratère Scott. Impact observé notamment par les télescopes Hubble et Keck. Pas de projection ni d'émission de vapeur d'eau enregistrée. ;;0;Formation invisible;4;Quatre jours après la Nouvelle Lune;Trois jours après la Pleine Lune;999;Invisible;Invisible
SMART - 1;Sonde / Impact volontaire;27-sept-03;Smart (Small Missions for Advanced Research and Technology);(ESA) Construit par Swedish Space Corporation.;Inexistant à l'époque;Inexistant à l'époque;Inexistant à l'époque;Pas de personnage;;;;;;;;;;-46,20;46,2° Ouest;-34,40;34,4° Sud;Sud-0uest;Lacus Ecellentiae;62;Schickard;Non indiqué;Non indiqué;Non indiqué;;??;0;0;0;0;0;0;Donnée non représentative.;Donnée non représentative.;Lancement le 27 septembre 2003 à 23h 14mn TU du Centre spatial européen de Kourou (Guyane française) par fusée Ariane V n°162 ;Sonde de 366kg d'environ 1 M3 de volume équipée de panneaux solaires de 14 m d'envergure. Propulsée par un moteur ionique à alimentation électrique solaire. Emporte notamment une caméra (AMIE), un télescope à rayons X (D-CIXS), un spectrographe infrarouge (SIR), etc... Début de la mise en orbite lunaire le 11 novembre 2004. Début des observations en novembre 2005. Orbite de 300 à 3000 km d'altitude;Précipité sur la Lune le 1er septembre 2006. S'écrase le 3 septembre 2006 à 5h 42mn 22s dans Lacus Excellentiae. , vitesse estimée : Angle 2°. Impact observé  par une cohorte de 20 télescopes dont le CFHT, NASA-IRTF, SAAO, Tenerife et Calar Alto, ainsi que 5 radiotélescopes.   ;Impact enregistré par le CFHT. Eclair suivi d'un nuage de poussières recouvrant 80 km2. Cratère estimé à 10m x 3m profond de 1 à 2 m. Ejecta brillant pouvant atteindre 100 m dans le sens longitudinal.;0;Formation invisible;11;Quatre jours après le Premier Quartier;Trois jours après le Dernier Quartier;999;Invisible;Invisible
