NAME;TYPE;PERIOD;NAMEDETAIL;NAMEORIGIN;LANGRENUS;HEVELIUS;RICCIOLI;WORK;COUNTRY;NATIONLITY;CENTURYN;CENTURYC;BIRTHPLACE;BIRTHDATE;DEATHPLACE;DEATHDATE;FACTS;LONGIN;LONGIC;LATIN;LATIC;QUADRANT;AREA;RUKL;RUKLC;VISCARDY;HATFIELD;WESTFALL;WOOD;LOPAM;LENGTHKM;WIDEKM;LENGTHMI;WIDEMI;HEIGHTM;HEIGHTFE;RAPPORT;PROFIL;GENERAL;SLOPES;WALLS;FLOOR;INTERESTN;INTERESTC;LUNATION;MOONDAYS;MOONDAYM;DIAMINST;THINSTRU;PRINSTRU
LUNA 2;Sonda / Impacte voluntari;12.set.59;Luna 2 / Lunik 2 (Classe E-1A);(URSS / Korolev);Inexistent a l'època;Inexistent a l'època;Inexistent a l'època;No és cap persona;;;;;;;;;;-0.1;0.1° Oest;30.1;30.1° Nord;Nord-Oest;Regió al nord del cràter Arquimedes;12;Aristillus;333;No indicat;No indicat;;??;0;0;0;0;0;0;Dada no representativa.;Dada no representativa.;Llançament el 12 setembre 1959 a 22h 02mn (TU) des de Baïkonour.;Sonda d'un diàmetre de 1,20 m i d'una massa de 390,2 kg. Càpsula sense instrument. Deixa anar un núvol de sodi en l'espai per ajudar a localitzar-lo. Confirma l'absència de camp magnètic i de cintures de radiacions al voltant de la Lluna. ;"Percudeix la Lluna a 3,3 km/s  amb una inclinació de 60°. Fa contacte el 13 setembre a 21 h 2 mn 24 s en Palus Putredinis. Primer objecte humà a assolir un altre astre. Dues càpsules de 9 i 15 cm trencades amb l'impacte en pentàgons amb ""URSS, setembre 1959"" inscrit al damunt. ";30 minuts més tard, el darrer segment del coet portador percudeix també la Lluna. Les coordenades d'aquest segon impacte són desconegudes.;0;Formació no visible;7;Al quart creixent;Sis dies després de la Lluna plena;999;Invisible;Invisible
RANGER 4;Sonda / Impacte no intencionat;23.abr.62;Ranger 4 (Classe Block 2);(NASA/USA);Inexistent a l'època;Inexistent a l'època;Inexistent a l'època;No és cap persona;;;;;;;;;;-130.7;130.7° Oest;-15.5;15.5° Sud;Sud-Oest;No definida;No hi ha mapa;;;No indicat;No indicat;;??;0;0;0;0;0;0;Dada no representativa.;Dada no representativa.;Llançament el 23 abril 1962 a 20h 50mn (TU) des  de Cap Kennedy.;Sonda de 3,60 m d'alt. Massa de 306 kg amb 6 càmeres, 4 d'alta definició. 2 Pannells solars de 5,20 m d'envergadura i un retrocoet de 14O kg. Porta una càpsula científica amb retrocoet per a l'allunatge amb suavitat d'una càpsula en fusta de balsa de 65cm de diàmetre. ;Mal funcionament de l'ordinador de bord. No transmet cap imatge. S'estavellà sobre la Lluna sobre la cara oculta el 26 abril 1962 a 12h 49mn 53s amb una velocitat de 9600 km/h. ;;0;Formació no visible;99;Invisible;Invisible;999;Invisible;Invisible
RANGER 6;Sonda / Impacte voluntari;30.gen.64;Ranger 6 (Classe Block 3);(NASA/USA);Inexistent a l'època;Inexistent a l'època;Inexistent a l'època;No és cap persona;;;;;;;;;;21.5;21.5° Est;9.3;9.3° Nord;Nord-Est;Part est del Mar de la Tranquil·litat;35;Arago;279;No indicat;No indicat;;??;0;0;0;0;0;0;Dada no representativa.;Dada no representativa.;Llançament el 30 gener 1964 a 15h 49mn (TU) des de Cap Kennedy.;Sonda de 3,60 m d'alt. Massa de 306 kg amb 6 càmeres amb 4 d'alta definició. 2 Pannells solars de 4,60 m d'envergadura. ;S'estavella sobre la Lluna el 2 febrer 1964 en Mare Tranquillitatis, prop del cràter Arago a 32 km del punt previst. Càmera de televisió avariada abans de l'impacte.;;0;Formació no visible;5;Cinc dies després de la Lluna nova;Quatre dies després de la Lluna plena;999;Invisible;Invisible
RANGER 7;Sonda / Impacte voluntari;28.jul.64;Ranger 7 (Classe Block 3);(NASA/USA);Inexistent a l'època;Inexistent a l'època;Inexistent a l'època;No és cap persona;;;;;;;;;;-20.66;20.66° Oest;-10.35;10.35° Sud;Sud-Oest;Regió al sud-est de l'Oceà de les Tempestes;42;Fra Mauro;216;No indicat;No indicat;;??;0;0;0;0;0;0;Dada no representativa.;Dada no representativa.;Llançament el 28 juliol 1964 a 16h 50 mn (TU) des de Cap Kennedy.;Sonda de 3,60 m d'alt. Massa de 306 kg. 2 càmeres gran angular (25 °) i 4 d'alta definició (de 8,4 ° a 2,1 °). 2 Pannells solars de 4,6 m d'envergadura que garanteixen 200 W. Sensor terrestre òptic i antena de transmissió de gran guany. 2 xarxes internes d'alimentació per a una millor fiabilitat. Enregistrament sobre banda magnètica i sobre film segons fotografia d'una pantalla a bord. ;Vol de 68 h. Òrbita hiperbòlica des de la Terra inclinada a 26,8 °. 4308 fotografies transmeses de 13 h 08 (2110 km d'altitud) a 13 h 25 el 31 juliol. Última foto presa a 519 m d'altitud amb una resolució de 50 cm en la darrera. S'estavella en Mare Cognitum a 16 km del lloc previst. Velocitat d'impacte de 2,62 km/s.;;0;Formació no visible;9;Dos dies després del quart creixent;Un dia després del quart minvant;999;Invisible;Invisible
RANGER 8;Sonda / Impacte voluntari;17.feb.65;Ranger 8 (Classe Block 3);(NASA/USA);Inexistent a l'època;Inexistent a l'època;Inexistent a l'època;No és cap persona;;;;;;;;;;24.65;24.65° Est;2.67;2.67° Nord;Nord-Est;Part est del Mar de la Tranquil·litat;35;Arago;276;No indicat;No indicat;;??;0;0;0;0;0;0;Dada no representativa.;Dada no representativa.;Llançament el 17 febrer 1965 a 17h 05mn (TU) des de Cap Kennedy.;Sonda de 3,60 m d'alt. Massa de 306 kg. 2 càmeres gran angular (25 °) i 4 d'alta definició (de 8,4 ° a 2,1 °). 2 Pannells solars de 4,6 m d'envergadura que garanteixen 200 W. Sensor terrestre òptic i antena de transmissió de gran guany. 2 xarxes internes d'alimentació per a una millor fiabilitat. Enregistrament sobre banda magnètica i sobre film segons fotografia d'una pantalla a bord. ;Pèrdua d'alimentació durant el vol després retorn a la normalitat. 7137 fotografies amb 540 d'alta resolució transmeses de 9 h 34 (2510 km d'altitud) a 9 h 57mn 36s. Resolució de 1,5 m en la darrera. Impacte calculat amb un angle de 42° per permetre  vistes panoràmiques. S'estavella en Mare Tranquillitatis el 20 febrer 1965 a 70 km del futur lloc d'Apollo 11 amb una velocitat de 2,68 km/h.;;0;Formació no visible;5;Cinc dies després de la Lluna nova;Quatre dies després de la Lluna plena;999;Invisible;Invisible
RANGER 9;Sonda / Impacte voluntari;21-març-65;Ranger 9 (Classe Block 3);(NASA/USA);Inexistent a l'època;Inexistent a l'època;Inexistent a l'època;No és cap persona;;;;;;;;;;-2.37;2.37° Oest;-12.83;12.83° Sud;Sud-Oest;Sector del cràter Ptolemeu;44;Ptolemaeus;;No indicat;No indicat;;??;0;0;0;0;0;0;Dada no representativa.;Dada no representativa.;Llançament el 21 març 1965 a 21h 37mn (TU) des de Cap Kennedy.;Sonda de 3,60 m d'alt. Massa de 306 kg. 2 càmeres gran angular (25 °) i 4 d'alta definició (de 8,4 ° a 2,1 °). 2 Pannells solars de 4,6 m d'envergadura que garanteixen 200 W. Sensor terrestre òptic i antena de transmissió de gran guany. 2 xarxes internes d'alimentació per a una millor fiabilitat. Enregistrament sobre banda magnètica i sobre film segons fotografia d'una pantalla a bord. ;5 814 fotos preses entre 13 h 49 (2363 km d'altitud) i 14 h 08mn 20s. Resolució de 30 cm en la darrera. S'estavella en el cràter Alphonsus a 4,9 km del punt previst el 24 març 1965 amb una velocitat de 2,67 km/s.;;0;Formació no visible;7;Al quart creixent;Sis dies després de la Lluna plena;999;Invisible;Invisible
LUNA 5;Sonda / Impacte no intencionat;09.maig.65;Luna 5 / Lunik 5 (Lunik classe E-6);(URSS  / RSVN / Korolev);Inexistent a l'època;Inexistent a l'època;Inexistent a l'època;No és cap persona;;;;;;;;;;-25.1;25.1° Oest;-1.6;1.6° Sud;Sud-Oest;Regió al sud-est de l'Oceà de les Tempestes;42;Fra Mauro;252;No indicat;No indicat;;??;0;0;0;0;0;0;Dada no representativa.;Dada no representativa.;Llançament el 9 maig 1965 a 7h 55mn (TU) des  de Baïkonour.;Sonda de 1474 kg. Mateixa classe que Luna 9. Porta un mòdul d'allunatge amb suavitat de 84 kg. Temptativa avortada per avaria del retrocoet a 84 km d'altitud. S'estavella sobre la Lluna el 9 maig 1965 sobre la vora Sud de Mare Nubium.;;;0;Formació no visible;9;Dos dies després del quart creixent;Un dia després del quart minvant;999;Invisible;Invisible
LUNA 7;Sonda / Impacte no intencionat;03.oct.65;Luna 7 / Lunik 7 (Lunik classe E-6);(URSS  / RSVN / Korolev);Inexistent a l'època;Inexistent a l'època;Inexistent a l'època;No és cap persona;;;;;;;;;;-40;40.0° Oest ?;9;9.0° Nord ?;Nord-Oest;Part est de l'Oceà de les Tempestes;30;No indicat;;No indicat;No indicat;;??;0;0;0;0;0;0;Dada no representativa.;Dada no representativa.;Llançament el 3 octubre 1965 des de Baïkonour.;Sonda de 1474 kg. Mateixa classe que Luna 9. Porta un mòdul d'allunatge amb suavitat de 84 kg. Temptativa avortada per avaria de retrocoets. S'estavella sobre la Lluna el 8 octubre 1965 en Oceanus Procellarum a 40 km al Sud Est del cràter Marius.;;;0;Formació no visible;11;Quatre dies després del quart creixent;Tres dies després del quart minvant;999;Invisible;Invisible
LUNA 8;Sonda / Impacte no intencionat;03.des.65;Luna 8 / Lunik 8 (Lunik classe E-6);(URSS  / RSVN / Korolev);Inexistent a l'època;Inexistent a l'època;Inexistent a l'època;No és cap persona;;;;;;;;;;-63.1;63.1° Oest;9.1;9.1° Nord;Nord-Oest;Limbe oest de la Lluna;28;Galilei;261;No indicat;No indicat;;??;0;0;0;0;0;0;Dada no representativa.;Dada no representativa.;Llançament el 3 desembre 1965 a 10h 48mn (TU) des de Baïkonour.;Sonda de 1552 kg. Mateixa classe que Luna 9. Porta un mòdul d'allunatge amb suavitat de 84 kg. Es posa sens dubte amb suavitat sobre la Lluna el 7 desembre 1965 en Oceanus Procellarum a 40 km al Sud del cràter Galilei. Contacte perdut just abans de l'allunatge.;;;0;Formació no visible;12;Cinc dies després del quart creixent;Quatre dies després del quart minvant;999;Invisible;Invisible
LUNA 9;Sonda / Aterratge amb suavitat;31.gen.66;Luna 9 / Lunik 9 (Lunik classe E-6);(URSS  / RSVN / Korolev);Inexistent a l'època;Inexistent a l'època;Inexistent a l'època;No és cap persona;;;;;;;;;;-64.3;64.3° Oest;7.1;7.1° Nord;Nord-Oest;Limbe oest de la Lluna;28;Galilei;261;No indicat;No indicat;;??;0;0;0;0;0;0;Dada no representativa.;Dada no representativa.;Llançament el 31 gener 1966 a 11 h 45 des de Baïkonour.;Sonda de 1 580 kg. Viatge de 3,5 dies. Seqüència de frenat per retrocoet a 75 km d'altitud durant 46 s. Sonda lunar allotjada en un globus inflat alliberat a alguns metres d'altitud. Primer allunatge amb suavitat en Oceanus Procellarum el 3 febrer a 18 h 45. ;Sonda en forma d'ou dotada de 82 kg amb instruments i càmeres. 4 pannells solars en pètals oberts després de l'allunatge. Contenidor estanc amb calefacció interna, bateries i programador. Càmera TV fixa amb mirall orientable. 3 sèries amb un total de 27 fotos en 3 dies formant el primer panorama lunar. ;Aporta la prova que el sòl de la Lluna és dur. Fotos estèreo degut a un moviment de la sonda a causa d'un cediment de terreny. Dades sobre les radiacions. Contacte perdut el 7 febrer degut a l'esgotament de les bateries.;0;Formació no visible;12;Cinc dies després del quart creixent;Quatre dies després del quart minvant;999;Invisible;Invisible
SURVEYOR 1;Sonda / Aterratge amb suavitat;30.maig.66;Surveyor 1;(NASA/USA);Inexistent a l'època;Inexistent a l'època;Inexistent a l'època;No és cap persona;;;;;;;;;;-43.2;43.2° Oest;-2.5;2.5° Sud;Sud-Oest;Part sud-oest de l'Oceà de les Tempestes;40;Flamsteed;221;No indicat;No indicat;;??;0;0;0;0;0;0;Dada no representativa.;Dada no representativa.;Llançament el 30 maig 1966 a 14h 41mn (TU) des de Cap Kennedy.;Sonda amb 330 kg de material i 537 kg de combustibles nitrogenats. Un retrocoet desenganxat a 97 km i tres motors de baixada desenganxats a 5 m del sòl. Una càmera de televisió en colors Trípode de 120 ° d'una amplada de 4,2 m. Un pal de 3 m d'alt amb un pannell solar i una antena de gran guany.;Allunatge amb suavitat el 2 juny 1966 en Oceanus Procellarum a 50 km al Nord del cràter Flamsteed. Transmet 11 237 fotos. Confirma que el sòl de la Lluna és dur ja que només cedeix 10 cm. Resta operativa fins a octubre 1966. Serà reactivada en gener 1967;;0;Formació no visible;11;Quatre dies després del quart creixent;Tres dies després del quart minvant;999;Invisible;Invisible
LUNAR ORBITER 1;Sonda / Impacte no intencionat;10-ag-66;Lunar Orbiter 1;(NASA/USA);Inexistent a l'època;Inexistent a l'època;Inexistent a l'època;No és cap persona;;;;;;;;;;-160.72;160.72° Oest ?;6.35;6.35° Nord ?;Nord-Oest;No definida;No hi ha mapa;;No indicat;No indicat;No indicat;;??;0;0;0;0;0;0;Dada no representativa.;Dada no representativa.;Llançament el 10 agost 1966 a 19h 26mn (TU) des de Cap Kennedy.;Orbitador lunar destinat a fotografiar els llocs potencials d'allunatge humà. Alçada 1,65 m. Diàmetre de 1,5 m. Quatre pannells solars de 3,72 m d'envergadura. ;S'apropà fins a 40,5 km del sòl lunar. 42 fotos d'alta resolució i 187 de mitjana resolució preses del 18 al 29 agost i retransmeses a partir del 14 setembre. S'estavellà el 29 octubre 1966 en ocasió de la 577a òrbita. ;Primeres fotos de la Terra preses des de la Lluna. Forma de pera de la Lluna detectada. Cap senyal d'impacte de micrometeorits sobre la sonda.;0;Formació no visible;;;;999;Invisible;Invisible
SURVEYOR 2;Sonda / Impacte no intencionat;20.set.66;Surveyor 2;(NASA/USA);Inexistent a l'època;Inexistent a l'època;Inexistent a l'època;No és cap persona;;;;;;;;;;-11;11.0° Oest;3.9;3.9° Nord;Nord-Oest;Regió al sud del cràter Eratòstenes;32;Stadius;247;No indicat;No indicat;;??;0;0;0;0;0;0;Dada no representativa.;Dada no representativa.;Llançament el 20 setembre 1966 a 12h 32mn (TU) des de Cap Kennedy.;Sonda amb 330 kg de material i 537 kg de combustibles nitrogenats. Un retrocoet desenganxat a 97 km i tres motors de baixada desenganxats a 5 m del sòl. Una càmera de televisió en colors. Trípode de 120 ° d'una amplada de 4,2 m. Un pal de 3 m d'alt amb un pannell solar i una antena de gran guany.;Avaria d'un motor de baixada. S'estavella sobre la Lluna el 22 setembre 1966 al Sud del cràter Copernicus.;;0;Formació no visible;8;Un dia després del quart creixent;Al quart minvant;999;Invisible;Invisible
LUNAR ORBITER 2;Sonda / Impacte no intencionat;06.nov.66;Lunar Orbiter 2;(NASA/USA);Inexistent a l'època;Inexistent a l'època;Inexistent a l'època;No és cap persona;;;;;;;;;;-119.1;119.1° Oest ?;2.9;2.9° Nord ?;Nord-Oest;No definida;No hi ha mapa;No indicat;No indicat;No indicat;No indicat;;??;0;0;0;0;0;0;Dada no representativa.;Dada no representativa.;Llançament el 6 novembre 1966 a 23h 21mn (TU) des de Cap Kennedy.;Orbitador lunar destinat a fotografiar els llocs potencials d'allunatge humà. Alçada 1,65 m. Diàmetre de 1,5 m. Quatre pannells solars de 3,72 m d'envergadura. ;S'apropà fins a 49,7 km del sòl lunar. 609 fotos d'alta resolució (fins a 1 m) i 208 de mitjana resolució preses del 18 al 25 novembre i retransmeses a partir del 7 desembre. S'estavellà el 11 octubre 1967. ;Obté una espectacular foto obliqua del cràter Copernicus.;0;Formació no visible;;;;999;Invisible;Invisible
LUNA 13;Sonda / Aterratge amb suavitat;21.des.66;Luna 13 / Lunik 13 (Classe E-6M);(URSS / NII-88 / Korolev);Inexistent a l'època;Inexistent a l'època;Inexistent a l'època;No és cap persona;;;;;;;;;;-22.1;22.1° Oest;19;19.0° Nord;Nord-Oest;Limbe oest-nord-oest de la Lluna;17;Struve;303;No indicat;No indicat;;??;0;0;0;0;0;0;Dada no representativa.;Dada no representativa.;Llançament el 21 desembre 1966  a 10h 19 mn (TU) des de Baïkonour.;Sonda de 1700 kg. Viatge de 3,5 dies. Seqüència de frenat per retrocoet a 75 km d'altitud durant 46 s. Sonda lunar allotjada en un globus inflat alliberat a alguns metres d'altitud. Va allunar el 24 desembre 1966 a 18h 01mn. ;Sonda en forma d'ou dotada de 150 kg amb instruments i càmeres. 4 pannells solars en pètals oberts després de l'allunatge. Contenidor estanc amb calefacció interna, bateries i programador. Càmera TV fixa amb mirall orientable. ;Ha pres tres vistes panoràmiques.  Ha efectuat mesures físiques sobre el sòl amb un penetròmetre, un dinamògraf i un densitòmetre a radiacions. Transmissions acabades a finals de desembre.;0;Formació no visible;9;Dos dies després del quart creixent;Un dia després del quart minvant;999;Invisible;Invisible
LUNAR ORBITER 3;Sonda / Impacte no intencionat;05.feb.67;Lunar Orbiter 3;(NASA/USA);Inexistent a l'època;Inexistent a l'època;Inexistent a l'època;No és cap persona;;;;;;;;;;-91.7;91.7° Oest;14.6;14.6° Nord;Nord-Oest;No definida;VIII;No indicat;No indicat;No indicat;No indicat;;??;0;0;0;0;0;0;Dada no representativa.;Dada no representativa.;Llançament el 5 febrer 1967 des de Cap Kennedy.;Orbitador lunar destinat a fotografiar els llocs potencials d'allunatge humà. Alçada 1,65 m. Diàmetre de 1,5 m. Quatre pannells solars de 3,72 m d'envergadura. ;S'apropà fins a 55 km del sòl lunar. 477 fotos d'alta resolució (fins a 1 m) i 149 de mitjana resolució preses del 15 al 23 febrer i retransmeses a partir del 4 març. S'estavella el 9 octubre 1967. ;Localització de Surveyor 1 sobre la superfície. Avaria del mecanisme d'avanç del film que impedí la transmissió de 25% dels clixés. ;0;Formació no visible;;;;999;Invisible;Invisible
SURVEYOR 3;Sonda / Aterratge amb suavitat;17.abr.67;Surveyor 3;(NASA/USA);Inexistent a l'època;Inexistent a l'època;Inexistent a l'època;No és cap persona;;;;;;;;;;-23.3;23.3° Oest;-3;3.0° Sud;Sud-Oest;Regió al sud-est de l'Oceà de les Tempestes;42;Fra Mauro;249;No indicat;No indicat;;??;0;0;0;0;0;0;Dada no representativa.;Dada no representativa.;Llançament el 17 abril 1967 a 7h 05mn (TU) des de Cap Kennedy.;Sonda amb 330 kg de material i 537 kg de combustibles nitrogenats. Un retrocoet desenganxat a 97 km i tres motors de baixada desenganxats a 5 m del sòl. Una càmera de televisió en colors. Trípode de 120 ° d'una amplada de 4,2 m. Un pal de 3 m d'alt amb un pannell solar i una antena de gran guany. ;Allunatge amb suavitat entre el cràter Fra Mauro i Montes Riphaeus. Forada 3 solcs en el sòl. Transmet 6 315 fotos amb una foto d'eclipsi el 24 abril 1967. Resta operativa fins a maig 1967. Visitada pels astronautes d'Apollo 12 en novembre 1969. Un estreptococ terrenal viu trobat en les peces portades a la Terra.;;0;Formació no visible;9;Dos dies després del quart creixent;Un dia després del quart minvant;999;Invisible;Invisible
SURVEYOR 4;Sonda / Aterratge amb suavitat;14.jul.67;Surveyor 4;(NASA/USA);Inexistent a l'època;Inexistent a l'època;Inexistent a l'època;No és cap persona;;;;;;;;;;-1.3;1.3° Oest;0.4;0.4° Nord;Nord-Oest;Regió al centre del disc lunar;33;Triesnecker;291;No indicat;No indicat;;??;0;0;0;0;0;0;Dada no representativa.;Dada no representativa.;Llançament el 14 juliol 1967 a 11h 53mn (TU) des de Cap Kennedy.;Sonda amb 330 kg de material i 537 kg de combustibles nitrogenats. Un retrocoet desenganxat a 97 km i tres motors de baixada desenganxats a 5 m del sòl. Una càmera de televisió en colors. Trípode de 120 ° d'una amplada de 4,2 m. Un pal de 3 m d'alt amb un pannell solar i una antena de gran guany. ;S'estavella prop del centre de la cara visible a causa d'una avaria de coets.;;0;Formació no visible;7;Al quart creixent;Sis dies després de la Lluna plena;999;Invisible;Invisible
LUNAR ORBITER 5;Sonda / Impacte no intencionat;02-ag-67;Lunar Orbiter 5;(NASA/USA);Inexistent a l'època;Inexistent a l'època;Inexistent a l'època;No és cap persona;;;;;;;;;;-83.1;83.1° Oest;-2.8;2.8° Sud;Sud-Oest;Limbe oest de la Lluna;39;Grimaldi;No indicat;No indicat;No indicat;;??;0;0;0;0;0;0;Dada no representativa.;Dada no representativa.;Llançament el 2 agost 1967 des de Cap Kennedy.;Orbitador lunar destinat a fotografiar els llocs potencials d'allunatge humà. Alçada 1,65 m. Diàmetre de 1,5 m. Quatre pannells solars de 3,72 m d'envergadura. ;S'apropà fins a 99 km del sòl lunar. 633 fotos d'alta resolució (fins a 2 m) i 211 de mitjana resolució preses del 6 al 18 agost i retransmeses a partir del 27 agost. S'estavella el 31 gener 1968. ;Augmenta la cobertura fotogràfica del globus lunar al 99%.;0;Formació no visible;;;;999;Invisible;Invisible
SURVEYOR 5;Sonda / Aterratge amb suavitat;08.set.67;Surveyor 5;(NASA/USA);Inexistent a l'època;Inexistent a l'època;Inexistent a l'època;No és cap persona;;;;;;;;;;23.2;23.2° Est;1.4;1.4° Nord;Nord-Est;Part est del Mar de la Tranquil·litat;35;Arago;276;No indicat;No indicat;;??;0;0;0;0;0;0;Dada no representativa.;Dada no representativa.;Llançament el 8 setembre 1967 7h 57mn (TU) des de Cap Kennedy.;Sonda amb 330 kg de material i 537 kg de combustibles nitrogenats. Un retrocoet desenganxat a 97 km i tres motors de baixada desenganxats a 5 m del sòl. Una càmera de televisió en colors. Trípode de 120 ° d'una amplada de 4,2 m. Un pal de 3 m d'alt amb un pannell solar i una antena de gran guany. ;Allunatge amb suavitat en Mare Tranquillitatis. Anàlisi del sòl per un analitzador de partícules alfa de 13 kg durant 100 h sobre 100 cm2. Composició semblant a la del basalt terrestre. Informacions sobre la reflectibilitat radar i la temperatura del sòl. 18 006 fotografies. Resta operativa fins al 16 desembre 1967.;;0;Formació no visible;5;Cinc dies després de la Lluna nova;Quatre dies després de la Lluna plena;999;Invisible;Invisible
SURVEYOR 6;Sonda / Aterratge amb suavitat;07.nov.67;Surveyor 6;(NASA/USA);Inexistent a l'època;Inexistent a l'època;Inexistent a l'època;No és cap persona;;;;;;;;;;-1.4;1.4° Oest;0.4;0.4° Nord;Nord-Oest;Regió al centre del disc lunar;33;Triesnecker;291;No indicat;No indicat;;??;0;0;0;0;0;0;Dada no representativa.;Dada no representativa.;Llançament el 7 novembre 1967 a 7h 39mn (TU) des de Cap Kennedy.;Sonda amb 330 kg de material i 537 kg de combustibles nitrogenats. Un retrocoet desenganxat a 97 km i tres motors de baixada desenganxats a 5 m del sòl. Una càmera de televisió en colors. Trípode de 120 ° d'una amplada de 4,2 m. Un pal de 3 m d'alt amb un pannell solar i una antena de gran guany. ;Allunatge amb suavitat en Sinus Medii. Reengegada a 2,5 m de altura i allunatge a 6,5 m de distància. 30 065 fotografies. Anàlisi del sòl per un mesurador de partícules alfa de 13 kg. Resta operativa fins al 14 desembre 1967.;;0;Formació no visible;7;Al quart creixent;Sis dies després de la Lluna plena;999;Invisible;Invisible
SURVEYOR 7;Sonda / Aterratge amb suavitat;07.gen.68;Surveyor 7;(NASA/USA);Inexistent a l'època;Inexistent a l'època;Inexistent a l'època;No és cap persona;;;;;;;;;;-11.2;11.2° Oest;-41;41.0° Sud;Sud-Oest;Sector del cràter Tycho;64;Tycho;91;No indicat;No indicat;;??;0;0;0;0;0;0;Dada no representativa.;Dada no representativa.;Llançament el 7 gener 1968 a 6h 30mn (TU) des de Cap Kennedy.;Sonda amb 330 kg de material i 537 kg de combustibles nitrogenats. Un retrocoet desenganxat a 97 km i tres motors de baixada desenganxats a 5 m del sòl. Una càmera de televisió en colors. Trípode de 120 ° d'una amplada de 4,2 m. Un pal de 3 m d'alt amb un pannell solar i una antena de gran guany. ;Allunatge amb suavitat prop del cràter Tycho a 4 500 m d'altitud. Anàlisi del sòl per un analitzador de partícules alfa de 13 kg en profunditat. Descobriment d'un alt contingut en alumini. Composició del sòl dels cràters diferent de la dels mars lunars. 21 274 fotos. Resta operativa fins al 20 febrer 1968. Forada 7 solcs fins a 40 cm de profunditat.;;0;Formació no visible;8;Un dia després del quart creixent;Al quart minvant;999;Invisible;Invisible
LUNA 15;Sonda / Impacte no intencionat;13.jul.69;Luna 15 / Lunik 15 (Classe Ye-8-5);(URSS / MOM / Lavochkin);Inexistent a l'època;Inexistent a l'època;Inexistent a l'època;No és cap persona;;;;;;;;;;58.5;58.5° Est;11.7;11.7° Nord;Nord-Est;Limbe est de la Lluna;38;Neper;263;No indicat;No indicat;;??;0;0;0;0;0;0;Dada no representativa.;Dada no representativa.;Llançament el 13 juliol 1969 des de Baïkonour.;Sonda de 5700 kg. Mateixa classe que Luna 16. Porta una sonda d'allunatge de 1 880 kg amb mòdul de retorn de mostres de sòl recollides. Es posa en òrbita al voltant de la Lluna el 17 juliol. Fa 52 òrbites lunars abans de la temptativa d'allunatge. ;S'estavella en Mare Crisium poc després de l'èxit de la missió americana Apollo 11 per causa d'errors de programació per no haver tingut en compte l'efecte gravitatori degut als mascons.;;0;Formació no visible;3;Tres dies després de la Lluna nova;Dos dies després de la Lluna plena;999;Invisible;Invisible
APOLLO 11 BASE;Missió humana / Aterratge amb suavitat;16.jul.69;Base d'allunatge de la missió Apollo 11;(NASA/USA);Inexistent a l'època;Inexistent a l'època;Inexistent a l'època;No és cap persona;;;;;;;;;;23.5;23.5° Est;0.7;0.7° Nord;Nord-Est;Part est del Mar de la Tranquil·litat;35;Arago;276;No indicat;No indicat;;??;0;0;0;0;0;0;Dada no representativa.;Dada no representativa.;Llançament el 16 juliol 1969 a 13h 32mn (TU) des de Cap Kennedy. Conjunt de 3,9m de diàmetre. Mòdul de comandament Columbia (CM) 3,65 m d'alt i 5,6 t.  Mòdul de servei (SM) de 7,6 m de llarg i 23,2 t. Mòdul lunar Eagle (LM) de 6 m d'alt, de 4,2 m d'ample i de 15,1 t, de les quals, 10,85 t de carburants.;Neil A. ARMSTRONG (Comandant) Edwin E. ALDRIN (Pilot del LM) Michael COLLINS (Pilot del CSM). Primer allunatge humà el 20 juliol 1969 a 20h 17mn 40s. Primera caminada sobre la Lluna el 21 juliol 1969 a 2h 56mn 15s. Passeig de 2h 31mn. Distància recorreguda 250 m a 100 m com a màxim del LM.;21.4kg de roques recollits entre els quals dues mostres de perforacions. Early Apollo Surface Experiments Package (EASEP) amb reflector làser, sismòmetre, mesura del vent solar. Alimentació per pannells solars. Fi de transmissions de l'EASEP el 27 agost 1969.;Enlairament el 21 juliol a 17h 54mn. Estada total sobre la Lluna : 21h 36mn. Amaratge el 24 juliol 1969 a 16h 50mn. Durada total de la missió 8 dies 3h 18mn. ;0;Formació no visible;5;Cinc dies després de la Lluna nova;Quatre dies després de la Lluna plena;999;Invisible;Invisible
APOLLO 12 BASE;Missió humana / Aterratge amb suavitat;14.nov.69;Base d'allunatge de la missió Apollo 12;(NASA/USA);Inexistent a l'època;Inexistent a l'època;Inexistent a l'època;No és cap persona;;;;;;;;;;-23.2;23.2° Oest;-3;3.0° Sud;Sud-Oest;Regió al sud-est de l'Oceà de les Tempestes;42;Fra Mauro;249;No indicat;No indicat;;??;0;0;0;0;0;0;Dada no representativa.;Dada no representativa.;Llançament el 14 novembre 1969 a 16h 22mn (TU) des de Cap Kennedy. Conjunt de 3,9m de diàmetre. Mòdul de comandament Yankee Clipper (CM) 3,65 m d'alt i 5,6 t.  Mòdul de servei (SM) de 7,6 m de llarg i 23,1 t. Mòdul lunar Intrepid (LM) de 6 m d'alt, de 4,2 m d'ample i de 15,1 t, de les quals, 10,75 t de carburants.;Charles P. CONRAD (Comandant) Alan L. BEAN (Pilot del LM) Richard F.GORDON (Pilot del CSM). Allunatge el 19 novembre 1969 a 6h 54mn 35s. Primera caminada el 19 novembre de 3h 56mn. Segona passejada el 20 novembre de 3h 50mn. Distància total recorreguda 1350 m.;34,4 kg de roques obtinguts. Recuperació de 10 kg de peces amb la càmera sobre la sonda Surveyor 3 a una distància  de 180 m. Apollo Lunar Surface Experiment Package (ALSEP) amb sismòmetre, detector de ions, detector de pols, magnetòmetre, espectròmetre i analitzador d'atmosfera. Alimentació per generador termoelèctric de plutoni 238 SNAP-27. Fi de les transmissions de l'ALSEP el 30 setembre 1977. ;Enlairament el 20 novembre a 14h 25mn. Estada total sobre la Lluna : 1 dia 7h 31mn. Amaratge el 24 novembre 1969 a 20 h 58 mn. Durada total de la missió : 10 dies 4h. ;0;Formació no visible;9;Dos dies després del quart creixent;Un dia després del quart minvant;999;Invisible;Invisible
APOLLO 12 LEM;Material inert / Impacte voluntari;14.nov.69;Plataforma de llançament del LEM d'Apollo 12;(NASA/USA);Inexistent a l'època;Inexistent a l'època;Inexistent a l'època;No és cap persona;;;;;;;;;;-21.2;21.2° Oest;-3.94;3.94° Sud;Sud-Oest;Regió al sud-est de l'Oceà de les Tempestes;42;No indicat;No indicat;No indicat;No indicat;;??;0;0;0;0;0;0;Dada no representativa.;Dada no representativa.;Llançament el 14 novembre 1969 a 16h 22mn (TU) des de Cap Kennedy. Mòdul lunar (LM) Eagle;Plataforma d'enlairament del mòdul lunar (LM) de la missió Apollo 12 precipitat sobre el sòl lunar per activar els sismògrafs deixats a la superfície. S'estavella a la proximitat del crateret Fra Mauro B el 20 novembre 1969 a 22h 17mn 17s.;Impacte a 1,68 km/s amb un angle de 3,7° amb relació a l'horitzontal. Energia produïda 3,36 x 10^16 ergs.;;0;Formació no visible;9;Dos dies després del quart creixent;Un dia després del quart minvant;999;Invisible;Invisible
APOLLO 13 S IV B;Material inert / Impacte voluntari;13.abr.70;Plataforma S IV B d'Apollo 13;(NASA/USA);Inexistent a l'època;Inexistent a l'època;Inexistent a l'època;No és cap persona;;;;;;;;;;-27.86;27.86° Oest;-2.75;2.75° Sud;Sud-Oest;Part sud-est de l'Oceà de les Tempestes;41;No indicat;No indicat;No indicat;No indicat;;??;0;0;0;0;0;0;Dada no representativa.;Dada no representativa.;Llançament el 13 abril 1970 des de Cap Kennedy.;Tercera plataforma del coet Saturn 5 de la missió Apollo 13 (Plataforma d'inserció en òrbita de transferència  lunar) precipitat sobre el sòl lunar per activar els sismògrafs deixats sobre la superfície. S'estavella el 15 abril 1970 en la part Est de Oceanus Procellarum a 1h 9mn 41s.;Impacte a 2,58 km/s amb un angle de 76° amb relació a l'horitzontal. Energia produïda 4,63 x 10^17 ergs.;;0;Formació no visible;9;Dos dies després del quart creixent;Un dia després del quart minvant;999;Invisible;Invisible
LUNA 16;Sonda / Aterratge amb suavitat;12.set.70;Luna 16 / Lunik 16 (Classe Ye-8-5);(URSS / MOM / Lavochkin);Inexistent a l'època;Inexistent a l'època;Inexistent a l'època;No és cap persona;;;;;;;;;;56.4;56.4° Est;0.8;0.8° Nord;Nord-Est;Limbe est de la Lluna;38;Neper;229;No indicat;No indicat;;??;0;0;0;0;0;0;Dada no representativa.;Dada no representativa.;Llançament el 12 setembre 1970 a 13h 25mn (TU) des de Baïkonour.;Sonda de 5700 kg. Sonda d'allunatge de 1 880 kg. Allunatge amb suavitat en Mare Fecunditatis el 17 setembre 1970 a 5h 18mn. Braç extensible. Forada el sòl fins a 35 cm de profunditat. Estada de 26h 25 mn. ;Aterratge de la càpsula de retorn el 24 setembre al Kazakhstan. Retorna a la Terra amb una mostra de 101 g de roques lunars. Plataforma de baixada operacional durant unes quantes setmanes enviant dades de temperatura i de radiacions.;;0;Formació no visible;3;Tres dies després de la Lluna nova;Dos dies després de la Lluna plena;999;Invisible;Invisible
LUNA 17;Sonda / Aterratge amb suavitat;10.nov.70;Luna 17 + Lunakhod 1 / Lunik 17 + Lunakhod 1 (Classe Ye-8) ;(URSS / MOM / Lavochkin);Inexistent a l'època;Inexistent a l'època;Inexistent a l'època;No és cap persona;;;;;;;;;;-35.2;35.2° Oest;38.2;38.2° Nord;Nord-Oest;Part nord-oest del Mar de les Pluges;10;Sinus Iridum;358;No indicat;No indicat;;??;0;0;0;0;0;0;Dada no representativa.;Dada no representativa.;Llançament el 10 novembre 1970 a 14h 44mn (TU) des de Baïkonour.;Sonda de 5600 kg amb un mòdul d'allunatge de 1814 kg. Aquest porta dues rampes per permetre la baixada sobre la superfície de Lunakhod 1 vehicle dirigit per ràdio des de la Terra.;Allunatge amb suavitat en Mare Imbrium. Lunakhod 1 té una llargada de 2,2 m, ample de 1,6 m i altura de 1,35 m amb vuit rodes amb suspensió, motors i frens independents. Massa 756 kg. Alimentació per pannell solar. Calefacció interna de poloni 210. Velocitat de 1 a 2 km/h. Va recórrer 10 542 m en 10 mesos. Quatre càmeres amb dues estereoscòpiques. ;Anàlisi de les propietats físico-mecàniques del sòl lunar a més de 500 llocs amb un comprovador del sòl. Anàlisi química del sòl lunar en 25 punts. Magnetòmetre. Radiòmetre. Envià més de 20 000 fotografies amb 210 panorames. Fi de la missió, el 4 octubre 1971.;0;Formació no visible;10;Tres dies després del quart creixent;Dos dies després del quart minvant;999;Invisible;Invisible
APOLLO 14 BASE;Missió humana / Aterratge amb suavitat;31.gen.71;Base d'allunatge de la missió Apollo 14;(NASA/USA);Inexistent a l'època;Inexistent a l'època;Inexistent a l'època;No és cap persona;;;;;;;;;;-17.4;17.4° Oest;-3.6;3.6° Sud;Sud-Oest;Regió al sud-est de l'Oceà de les Tempestes;42;Fra Mauro;216;No indicat;No indicat;;??;0;0;0;0;0;0;Dada no representativa.;Dada no representativa.;Llançament el 31 gener 1971 a 21h 03mn (TU) des de Cap Kennedy. Conjunt de 3,9m de diàmetre. Mòdul de comandament Kitty Hawk (CM) 3,65 m d'alt i 5,7 t.  Mòdul de servei (SM) de 7,6 m de llarg i 23,5 t. Mòdul lunar Antares (LM) de 6 m d'alt, de 4,2 m d'ample i de 15,3 t, de les quals, 11 t de carburants.;Alan B. SHEPARD (Comandant) Edgar D. MITCHELL (Pilot del LM) Stuart A. Roosa (Pilot del CSM). Allunatge el 5 febrer 1971 a 9h 18mn 11s. LM inclinat de 8°. Primera caminada el 5 febrer de 14h 42mn a 19h 30mn (4h 48mn). Segona passejada el 6 febrer de 8h 11mn a 12h 45mn (4h 34mn) fins al cràter Cone. Distància total recorreguda 3,45 km.;42,9 kg de roques obtinguts. Shepard llançà dues balles de golf amb un mostrejador ! Utilització del carretó lunar. Apollo Lunar Surface Experiment Package (ALSEP) amb transmissor ràdio, sismòmetre passiu, sismòmetre actiu, detector de ions, detector de pols, magnetòmetre, reflector làser. Alimentació per generador termoelèctric de plutoni 238 SNAP-27. Fi de les transmissions de l'ALSEP el 30 setembre 1977. ;Enlairament el 6 febrer a 18h 48mn. Estada total sobre la Lluna : 1 dies 9h 31mn. Amaratge el 9 febrer 1971 a 21h 05mn. Durada total de la missió : 9 dies 1h. ;0;Formació no visible;8;Un dia després del quart creixent;Al quart minvant;999;Invisible;Invisible
APOLLO 14 LEM;Material inert / Impacte voluntari;31.gen.71;Plataforma de llançament del LEM d'Apollo 14;(NASA/USA);Inexistent a l'època;Inexistent a l'època;Inexistent a l'època;No és cap persona;;;;;;;;;;-19.67;19.67° Oest;-3.42;3.42° Sud;Sud-Oest;Regió al sud-est de l'Oceà de les Tempestes;42;No indicat;No indicat;No indicat;No indicat;;??;0;0;0;0;0;0;Dada no representativa.;Dada no representativa.;Llançament el 31 gener 1971 a 21h 03mn (TU) des de Cap Kennedy. Mòdul lunar (LM) Antares.;Plataforma d'enlairament del mòdul lunar (LM) de la missió Apollo 14 precipitat sobre el sòl lunar per activar els sismògrafs deixats a la superfície. S'estavella el 7 febrer 1971 en Mare Insularum a 0h 45mn 25s.;Impacte a 1,68 km/s amb un angle de 3,6° amb relació a l'horitzontal. Energia produïda 3,25 x 10^16 ergs.;;0;Formació no visible;9;Dos dies després del quart creixent;Un dia després del quart minvant;999;Invisible;Invisible
APOLLO 14 S IV B;Material inert / Impacte voluntari;31.gen.71;Plataforma S IV B d'Apollo 14;(NASA/USA);Inexistent a l'època;Inexistent a l'època;Inexistent a l'època;No és cap persona;;;;;;;;;;-26.02;26.02° Oest;-8.09;8.09° Sud;Sud-Oest;Regió al sud-est de l'Oceà de les Tempestes;42;No indicat;No indicat;No indicat;No indicat;;??;0;0;0;0;0;0;Dada no representativa.;Dada no representativa.;Llançament el 31 gener 1971 des de Cap Kennedy.;Tercera plataforma del coet Saturn 5  de la missió Apollo 14 (Plataforma d'inserció en òrbita de transferència  lunar) precipitat sobre el sòl lunar per activar els sismògrafs deixats sobre la superfície. S'estavella el 4 febrer 1971 en Mare Cognitum a 7h 40mn 25s.;Impacte a 2,54 km/s amb un angle de 69° amb relació a l'horitzontal. Energia produïda 4,52 x 10^17 ergs.;;0;Formació no visible;9;Dos dies després del quart creixent;Un dia després del quart minvant;999;Invisible;Invisible
APOLLO 15 BASE;Missió humana / Aterratge amb suavitat;26.jul.71;Base d'allunatge de la missió Apollo 15;(NASA/USA);Inexistent a l'època;Inexistent a l'època;Inexistent a l'època;No és cap persona;;;;;;;;;;3.6;3.6° Est;26;26.0° Nord;Nord-Est;Sector dels Monts Apenins;22;Conon;322;No indicat;No indicat;;??;0;0;0;0;0;0;Dada no representativa.;Dada no representativa.;Llançament el 26 juliol 1971 des de Cap Kennedy a 13h 34mn (TU). Conjunt de 3,9m de diàmetre. Mòdul de comandament Endeavour (CM) 3,65 m d'alt i 5,7 t.  Mòdul de servei (SM) de 7,6 m de llarg i 23,5 t. Mòdul lunar Falcon (LM) de 6 m d'alt, de 4,2 m d'ample i de 16,4 t, de les quals, 12 t de carburants.;David R. SCOTT (Comandant) James B. IRWIN (Pilot del LM) Alfred M. WORDEN (Pilot del CSM). Allunatge el 30 juliol 1971 a 22h 16mn 29s. Primera caminada el 31 juliol de 13h 13mn a 19h 45mn (6h 32mn). Primera excursió en LRV el 1er agost de 11h 48mn a 19h 01mn (7h 13mn). Segona excursió en LRV el 2 agost de 8h 52mn a 13h 42mn (4h 50mn) fins a Rima Hadley. Distància total recorreguda 27,9 km fins a 5 km del LM.;Primera utilització del Lunar Roving Vehicle (LRV). Vehicle a 4 rodes totes equipades amb motor elèctric. Conducció amb un pal. 76.8 kg de roques recollits. Scott mostrà com una ploma i un martell cauen a la mateixa velocitat degut a l'absència d'atmosfera. Mostres fins a 2.36 m de profunditat. Visita de Rima Hadley. Apollo Lunar Surface Experiment Package (ALSEP) amb transmissor ràdio, sismòmetre passiu, mesura d'atmosfera, detector de ions, detector de pols, magnetòmetre, mesurador de flux tèrmic, reflector làser. Alimentació per generador termoelèctric de plutoni 238 SNAP-27. Fi de les transmissions de l'ALSEP el 30 setembre 1977.;Estada total sobre la Lluna : 2 dies 18h 55mn. Enlairament el 2 d'agost a 17h 11mn. Posta en òrbita d'un sub-satèl·lit lunar el 3 agost a 20h 13mn. Sortida a l'espai de Worden el 5 agost de 38min. Amaratge el 7 d'agost 1971 a 20h 45mn. Durada total de la missió : 12 dies 7h 11mn. ;0;Formació no visible;7;Al quart creixent;Sis dies després de la Lluna plena;999;Invisible;Invisible
APOLLO 15 LEM;Material inert / Impacte voluntari;26.jul.71;Plataforma de llançament del LEM d'Apollo 15;(NASA/USA);Inexistent a l'època;Inexistent a l'època;Inexistent a l'època;No és cap persona;;;;;;;;;;0.25;0.25° Est;26.36;26.36° Nord;Nord-Est;Sector dels Monts Apenins;22;No indicat;No indicat;No indicat;No indicat;;??;0;0;0;0;0;0;Dada no representativa.;Dada no representativa.;Llançament el 26 juliol 1971 des de Cap Kennedy.;Plataforma d'enlairament del mòdul lunar (LM) de la missió Apollo 15 precipitat sobre el sòl lunar per activar els sismògrafs deixats a la superfície. S'estavella el 3 agost 1971 en Palus Putredinis a 3h 3mn 37s.;Impacte a 1,7 km/s amb un angle de 3,2° amb relació a l'horitzontal. Energia produïda 3,4 x 10^16 ergs.;;0;Formació no visible;7;Al quart creixent;Sis dies després de la Lluna plena;999;Invisible;Invisible
APOLLO 15 S IV B;Material inert / Impacte voluntari;26.jul.71;Plataforma S IV B d'Apollo 15;(NASA/USA);Inexistent a l'època;Inexistent a l'època;Inexistent a l'època;No és cap persona;;;;;;;;;;-11.81;11.81° Oest;-1.51;1.51° Sud;Sud-Oest;Regió a l'oest del cràter  Ptolemeu;43;No indicat;No indicat;No indicat;No indicat;;??;0;0;0;0;0;0;Dada no representativa.;Dada no representativa.;Llançament el 26 juliol 1971 des de Cap Kennedy.;Tercera plataforma del coet Saturn 5  de la missió Apollo 15 (Plataforma d'inserció en òrbita de transferència  lunar) precipitat sobre el sòl lunar per activar els sismògrafs deixats sobre la superfície. S'estavella el 29 juliol 1971 prop del crateret Turner B a 20h 58mn 43s.;Impacte a 2,58 km/s amb un angle de 62° amb relació a l'horitzontal. Energia produïda 4,61 x 10^17 ergs.;;0;Formació no visible;8;Un dia després del quart creixent;Al quart minvant;999;Invisible;Invisible
LUNA 18;Sonda / Impacte no intencionat;02.set.71;Luna 18 / Lunik 18 (Classe Ye-8-5);(URSS / MOM / Lavochkin);Inexistent a l'època;Inexistent a l'època;Inexistent a l'època;No és cap persona;;;;;;;;;;56.4;56.4° Est;3.4;3.4° Nord;Nord-Est;Limbe est de la Lluna;38;Neper;229;No indicat;No indicat;;??;0;0;0;0;0;0;Dada no representativa.;Dada no representativa.;Llançament el 2 setembre 1971 a 13h 40mn (TU) des de Baïkonour.;Sonda de 5700 kg. Mateixa classe que Luna 16. Porta una sonda d'allunatge de 1 880 kg amb mòdul de retorn de mostres de sòl recollides. Es posa en òrbita al voltant de la Lluna el 7 setembre. ;Fa 54 òrbites lunars abans de la temptativa d'allunatge. Comunicacions interrompudes al moment del contacte amb el sòl en Mare Fecunditatis el dia 11 de setembre.;;0;Formació no visible;3;Tres dies després de la Lluna nova;Dos dies després de la Lluna plena;999;Invisible;Invisible
LUNA 20;Sonda / Aterratge amb suavitat;14.feb.72;Luna 20 / Lunik 20 (Classe Ye-8-5);(URSS / MOM / Lavochkin);Inexistent a l'època;Inexistent a l'època;Inexistent a l'època;No és cap persona;;;;;;;;;;56.4;56.4° Est;3.4;3.4° Nord;Nord-Est;Limbe est de la Lluna;38;Neper;229;No indicat;No indicat;;??;0;0;0;0;0;0;Dada no representativa.;Dada no representativa.;Llançament el 14 febrer 1972 a 3h 27mn (TU) des de Baïkonour.;Sonda de 5700 kg. Mateixa classe que Luna 16. Porta una sonda d'allunatge de 1 880 kg amb mòdul de retorn de mostres de sòl recollides. Es posa en òrbita al voltant de la Lluna el 18 febrer. ;Allunatge amb suavitat el 21 febrer en Mare Fecunditatis a 120 km de l'impacte de Luna 18. Fotografies panoràmiques. Braç extensible. Reengegada des de la superfície lunar el 22 febrer. Retorn a la Terra amb 30 g de roques lunars el 25 febrer.;;0;Formació no visible;3;Tres dies després de la Lluna nova;Dos dies després de la Lluna plena;999;Invisible;Invisible
APOLLO 16 BASE;Missió humana / Aterratge amb suavitat;16.abr.72;Base d'allunatge de la missió Apollo 16;(NASA/USA);Inexistent a l'època;Inexistent a l'època;Inexistent a l'època;No és cap persona;;;;;;;;;;15.6;15.6 ° Est;-9;9.0° Sud;Sud-Est;Regió a l'est del cràter Ptolemeu;45;Andel;0;No indicat;No indicat;;??;0;0;0;0;0;0;Dada no representativa.;Dada no representativa.;Llançament el 16 abril 1972 des de Cap Kennedy a 17h 54 mn (TU). Conjunt de 3,9m de diàmetre. Mòdul de comandament Casper (CM) 3,65 m d'alt i 5,7 t.  Mòdul de servei (SM) de 7,6 m de llarg i 23,5 t. Mòdul lunar Orion (LM) de 6 m d'alt, de 4,2 m d'ample i de 16,4 t, de les quals, 12 t de carburants.;John W. YOUNG (Comandant) Charles M. DUKE (Pilot del LM) Thomas K. MATTINGLY (Pilot del CSM). Allunatge el 21 abril 1972 a 2h 23mn 35s. Primera caminada el 21 abril de 16h 47 a 23h 58mn (7h 11mn). Primera excursió en LRV el 22 abril de 16h 33 a 23h 56mn (7h 23mn). Segona excursió en LRV el 23 abril de 15h 25mn a 21h 05mn (5h 40mn) fins al cràter North Ray. Distància total recorreguda 27 km .;Utilització del Lunar Roving Vehicle (LRV). Vehicle a 4 rodes totes equipades amb motor elèctric. Conducció amb un pal. 94,7 kg de roques recollits. Recollida de mostres a 3m de profunditat. Apollo Lunar Surface Experiment Package (ALSEP) amb transmissor ràdio, sismòmetre passiu, sismòmetre actiu, magnetòmetre, mesurador de flux tèrmic, reflector làser. Alimentació per generador termoelèctric de plutoni 238 SNAP-27. Fi de les transmissions de l'ALSEP el 30 setembre 1977.;Estada total sobre la Lluna : 2 dies 23h 2mn. Enlairament el 24 abril a 1h 25mn. Posta en òrbita d'un sub-satèl·lit lunar el 24 abril a 21h 56mn. Sortida a l'espai de Mattingly el 25 abril de 1h 24mn. Amaratge el 27 abril 1972 a 19h 45mn. Durada total de la missió : 11 dies 21h 51mn. ;0;Formació no visible;7;Al quart creixent;Sis dies després de la Lluna plena;999;Invisible;Invisible
APOLLO 16 S IV B;Material inert / Impacte voluntari;16.abr.72;Plataforma S IV B d'Apollo 16;(NASA/USA);Inexistent a l'època;Inexistent a l'època;Inexistent a l'època;No és cap persona;;;;;;;;;;-23.8;23.8° Oest;1.3;1.3° Nord;Nord-Oest;Sector del cràter Copèrnic;31;No indicat;No indicat;No indicat;No indicat;;??;0;0;0;0;0;0;Dada no representativa.;Dada no representativa.;Llançament el 16 abril 1972 des de Cap Kennedy.;Tercera plataforma del coet Saturn 5  de la missió Apollo 16 (Plataforma d'inserció en òrbita de transferència  lunar) precipitat sobre el sòl lunar per activar els sismògrafs deixats sobre la superfície. S'estavella el 19 abril 1972 en Mare Insularum entre Rheinhold i Lansberg a 21h 02mn 04s.;Impacte a 2,5 km/s amb un angle de 79° amb relació a l'horitzontal. Energia produïda 4,59 x 10^17 ergs.;;0;Formació no visible;9;Dos dies després del quart creixent;Un dia després del quart minvant;999;Invisible;Invisible
APOLLO 17 BASE;Missió humana / Aterratge amb suavitat;07.des.72;Base d'allunatge de la missió Apollo 17;(NASA/USA);Inexistent a l'època;Inexistent a l'època;Inexistent a l'època;No és cap persona;;;;;;;;;;30.8;30.8° Est;20.1;20.1° Nord;Nord-Est;Regió al nord del Mar de la Tranquil·litat;25;Römer;310;No indicat;No indicat;;??;0;0;0;0;0;0;Dada no representativa.;Dada no representativa.;Llançament el 7 desembre 1972 des de Cap Kennedy a 5h 33mn (TU). Conjunt de 3,9m de diàmetre. Mòdul de comandament America (CM) 3,65 m d'alt i 5,7 t.  Mòdul de servei (SM) de 7,6 m de llarg i 23,5 t. Mòdul lunar Challenger (LM) de 6 m d'alt, de 4,2 m d'ample i de 16,4 t, de les quals, 12 t de carburants.;Eugene A. CERNAN (Comandant) Harrison H. SCHMIDT (Geòleg i pilot del LM) Ronald E. EVANS (Pilot del CSM). Du 7 al 19 desembre 1972. Càpsula America. LM Challenger. Allunatge el 11 desembre 1972 a 19h 54mn 57s. Primera excursió en LRV el 11 desembre de 23h 54mn a 7h 07mn (7h 13mn). Segona excursió el 12 desembre de 23h 28mn a 7h 05mn (7h 37mn). Tercera excursió el 13 desembre de 22h 26mn a 5h 41mn (7h 15mn) Distància total recorreguda 30 km .;Utilització del Lunar Roving Vehicle (LRV). Vehicle a 4 rodes totes equipades amb motor elèctric. Conducció amb un pal. 110,5 kg de roques recollits. Mostres a 2.5 m. Apollo Lunar Surface Experiment Package (ALSEP) amb transmissor ràdio, sismòmetre actiu amb cartutxos explosius, gravímetre, mesurador de flux tèrmic, mesura d'atmosfera, detector de ions, detector de pols, reflector làser. Alimentació per generador termoelèctric de plutoni 238 SNAP-27. Fi de les transmissions de l'ALSEP el 30 setembre 1977.;Estada total sobre la Lluna : 3 dies 03h 01mn. Enlairament el 14 desembre a 22h 54mn. Sortida a l'espai d'Evans el 17 desembre de 1h 07mn. Amaratge el 19 desembre 1972 a 19h 24mn. Durada total de la missió : 12 dies 13h 52mn;0;Formació no visible;5;Cinc dies després de la Lluna nova;Quatre dies després de la Lluna plena;999;Invisible;Invisible
APOLLO 17 S IV B;Material inert / Impacte voluntari;07.des.72;Plataforma S IV B d'Apollo 16;(NASA/USA);Inexistent a l'època;Inexistent a l'època;Inexistent a l'època;No és cap persona;;;;;;;;;;-12.31;12.31° Oest;-4.21;4.21° Sud;Sud-Oest;Regió a l'oest del cràter  Ptolemeu;43;No indicat;No indicat;No indicat;No indicat;;??;0;0;0;0;0;0;Dada no representativa.;Dada no representativa.;Llançament el 7 desembre 1972 des de Cap Kennedy.;Tercera plataforma del coet Saturn 5  de la missió Apollo 17 (Plataforma d'inserció en òrbita de transferència  lunar) precipitat sobre el sòl lunar per activar els sismògrafs deixats sobre la superfície. S'estavella el 10 desembre 1972 prop del crateret Turner M a 20h 32mn 42s.;Impacte a 2,55 km/s amb un angle de 55° amb relació a l'horitzontal. Energia produïda 4,71 x 10^17 ergs.;;0;Formació no visible;8;Un dia després del quart creixent;Al quart minvant;999;Invisible;Invisible
APOLLO 17 LEM;Material inert / Impacte voluntari;15.des.72;Plataforma de llançament del LEM d'Apollo 17;(NASA/USA);Inexistent a l'època;Inexistent a l'època;Inexistent a l'època;No és cap persona;;;;;;;;;;30.5;30.5° Est;19.96;19.96° Nord;Nord-Est;Regió al nord del Mar de la Tranquil·litat;25;No indicat;No indicat;No indicat;No indicat;;??;0;0;0;0;0;0;Dada no representativa.;Dada no representativa.;Llançament el 15 desembre 1972 des de Cap Kennedy.;Plataforma d'enlairament del mòdul lunar (LM) de la missió Apollo 17 precipitat sobre el sòl lunar per activar els sismògrafs deixats a la superfície. S'estavella el 15 desembre 1972 prop del crateret Ching-te a 6h 50mn 20s.;Impacte a 1,67 km/s amb un angle de 4,9° amb relació a l'horitzontal. Energia produïda 3,15 x 10^16 ergs.;;0;Formació no visible;4;Quatre dies després de la Lluna nova;Tres dies després de la Lluna plena;999;Invisible;Invisible
LUNA 21;Sonda / Aterratge amb suavitat;08.gen.73;Luna 21 + Lunakhod 2 / Lunik 21 + Lunakhod 2 (Classe Ye-8) ;(URSS / MOM / Lavochkin);Inexistent a l'època;Inexistent a l'època;Inexistent a l'època;No és cap persona;;;;;;;;;;30.3;30.3° Est;25.9;25.9° Nord;Nord-Est;Regió al nord del Mar de la Tranquil·litat;25;Römer;312;No indicat;No indicat;;??;0;0;0;0;0;0;Dada no representativa.;Dada no representativa.;Llançament el 8 gener 1973 a 6h 55mn (TU) des de Baïkonour.;Sonda de 4850 kg amb un mòdul d'allunatge de 1814 kg. Aquest porta dues rampes per permetre la baixada sobre la superfície del Lunakhod 2 vehicle dirigit per ràdio des de la Terra.;Allunatge amb suavitat el 15 gener 1973 en el cràter Le Monnier. Exploració teleguiada des de la Terra amb el vehicle Lunakhod 2. Lunakhod 1 té una llargada de 2,2 m, ample de 1,6 m i altura de 1,35 m amb vuit rodes amb suspensió, motors i frens independents. Massa 840 kg. Alimentació per pannell solar. Calefacció interna de poloni 210. Velocitat de 1 a 2 km/h. Quatre càmeres, amb dues estereoscòpiques. ;Anàlisi de les propietats físico-mecàniques del sòl lunar a més de 1000 indrets amb un comprovador de sòl. Anàlisi química del sòl lunar en 25 punts. Magnetòmetre. Radiòmetre. Va recórrer 37 km en deu mesos i mig. Envià més de 80 000 fotografies, amb 86 panorames lunars. Fi de la missió el 4 juny.;0;Formació no visible;3;Tres dies després de la Lluna nova;Dos dies després de la Lluna plena;999;Invisible;Invisible
LUNA 23;Sonda / Aterratge amb suavitat;28.oct.74;Luna 23 / Lunik 23;(URSS);Inexistent a l'època;Inexistent a l'època;Inexistent a l'època;No és cap persona;;;;;;;;;;62.18;62.18° Est;12.41;12.41° Nord;Nord-Est;Limbe est de la Lluna;38;No indicat;;No indicat;No indicat;;??;0;0;0;0;0;0;Dada no representativa.;Dada no representativa.;Llançament el 28 octubre 1974 a 14h 30mn (TU) des de Baïkonour.;Allunatge difícil en Mare Crisium. Mòdul espatllat. Transmet durant tres dies. No aconsegueix reengegar.;;;0;Formació no visible;3;Tres dies després de la Lluna nova;Dos dies després de la Lluna plena;999;Invisible;Invisible
LUNA 24;Sonda / Aterratge amb suavitat;09-ag-76;Luna 24 / Lunik 24;(URSS);Inexistent a l'època;Inexistent a l'època;Inexistent a l'època;No és cap persona;;;;;;;;;;62.12;62.12° Est;12.45;12.45° Nord;Nord-Est;Limbe est de la Lluna;38;Neper;;No indicat;No indicat;;??;0;0;0;0;0;0;Dada no representativa.;Dada no representativa.;Llançament el 9 agost 1976 a 15h 04mn (TU) des de Baïkonour.;Sonda de 4 800 kg amb un mòdul d'allunatge. Allunatge amb suavitat en Mare Crisium. Perforació del sòl fins a 2 metres de profunditat. Retorn a la Terra de la càpsula amb 170 g de mostres lunars el 22 agost a la Sibèria occidental.;;;0;Formació no visible;3;Tres dies després de la Lluna nova;Dos dies després de la Lluna plena;999;Invisible;Invisible
HITEN;Sonda / Impacte voluntari;24.gen.90;Hiten / Hagoromo (Ex Muses A);(ISAS / Japó);Inexistent a l'època;Inexistent a l'època;Inexistent a l'època;No és cap persona;; ;;;;;;;;55.3;55.3° Est;-34;34.0° Sud;Sud-Est;Limbe sud-est de la Lluna;69;Furnerius;;No indicat;No indicat;;??;0;0;0;0;0;0;Dada no representativa.;Dada no representativa.;Llançament el 24 gener 1990 a 11h 46mn (TU) des de Kagoshima.;Sonda cilíndrica de 1,4 m de diàmetre i de 0,8 m d'alçada pesant 197 kg amb 42 kg d'hidrazina. Porta un mini satèl·lit lunar de nom Hagoromo de forma polièdrica de 26 cares i pesa 12 kg. Posat en òrbita terrestre el·líptica. Passa darrere la Lluna per primera vegada el 18 març 1990, i després 10 vegades més. Prova per primera vegada l'aerofrenat a 125 km d'altitud en l'atmosfera terrestre el 19 març 1991. S'apropa fins a 16,5 km de la superfície lunar.;S'allunya tot seguit per assolir els punts de Lagrange de l'òrbita lunar sense trobar-hi partícules amagades. Definitivament posat en òrbita lunar per frenat en ocasió del darrer sobrevol el 15 febrer 1993. Precipitat vers la superfície el 10 d'abril 1993.  S'estavellà a 18h 03mn 26s prop del cràter Stevinus. ;Hagoromo posat en òrbita lunar el 18 març 1990 malgrat tenir el seu emissor avariat des del 21 febrer 1990.;0;Formació no visible;3;Tres dies després de la Lluna nova;Dos dies després de la Lluna plena;999;Invisible;Invisible
LUNAR PROSPECTOR;Sonda / Impacte voluntari;07.gen.98;Lunar Prospector;(NASA/USA);Inexistent a l'època;Inexistent a l'època;Inexistent a l'època;No és cap persona;;;;;;;;;;42;42.0° Est;-87.7;87.7° Sud;Sud-Est;Limbe sud de la Lluna;74;Manzinus;42;No indicat;No indicat;;??;0;0;0;0;0;0;Dada no representativa.;Dada no representativa.;Llançament el 7 gener 1998 a 2h 28mn (TU) des de Cap Kennedy.;Sonda de 285 kg. Du les cendres d'Eugène Shoemaker, astrònom del programa Apollo. Es posa en òrbita polar al voltant de la Lluna el 13 gener 1998. D'entrada a 100 km d'altitud, després portat a 10 km al cap de 6 mesos. Cartografia completa de la Lluna en diversos indrets. El 5 de març confirmació de la presència d'aigua en el fons obscur dels cràters polars. ;Precipitat sobre la Lluna el 31 juliol 1999. S'estavellà a 9h 52mn prop del cràter Scott. Impacte observat sobretot pels telescopis Hubble i Keck. Cap projecció ni emissió de vapor d'aigua enregistrades. ;;0;Formació no visible;4;Quatre dies després de la Lluna nova;Tres dies després de la Lluna plena;999;Invisible;Invisible
SMART - 1;Sonda / Impacte voluntari;27.set.03;Smart (Small Missions for Advanced Research and Technology);(ESA) Construït per Swedish Space Corporation.;Inexistent a l'època;Inexistent a l'època;Inexistent a l'època;No és cap persona;;;;;;;;;;-46.2;46,2° Oest;-34,4;34.4° Sud;Sud-0est;Lacus Excellentiae;62;Schickard;No indicat;No indicat;No indicat;;??;0;0;0;0;0;0;Dada no representativa.;Dada no representativa.;Llançament el 27 de setembre 2003 a 23h 14mn TU des del Centre Espacial Europeu de Kourou (Guyana francesa) pel coet Ariane V n°162 ;Sonda de 366kg d'aprox. 1 m3 de volum equipada de plaques solars de 14 m d'envergadura. Propulsada per un motor iònic d'alimentació elèctrica solar. Com equip destacat:una càmera (AMIE), un telescopi a raigs X (D-CIXS), un espectrògraf infraroig (SIR), etc... Començament de la posta en òrbita lunar el 11 novembre 2004. Principi de les observacions en novembre 2005. Òrbita de 300 a 3000 km d'altitud;Precipitat sobre la Lluna el 1er de setembre 2006. S'estavellà el 3 de setembre 2006 a 5h 42mn 22s a Lacus Excellentiae. , velocitat estimada : Angle 2°. Impacte observat  per un conjunt de 20 telescopis com ara el CFHT, NASA-IRTF, SAAO, Tenerife i Calar Alto, així com 5 radiotelescopis.   ;Impacte enregistrat pel CFHT. Explosió seguida d'un núvol de pols que cobria uns  80 km2. Cràter estimat de 10m x 3m i de 1 a 2 m de profunditat. Ejecció brillant que podria assolir uns 100 m en el sentit longitudinal.;0;Formació no visible;11;Quatre dies després del quart creixent;Tres dies després del quart minvant;999;Invisible;Invisible
